STRUCTURE,STRUCTURE_ID,STRUCTURE_NAME,freq,Time frequency,ind_type,Individual type,indic_is,Information society indicator,unit,Unit of measure,geo,Geopolitical entity (reporting),TIME_PERIOD,Time,OBS_VALUE,Observation value,OBS_FLAG,Observation status (Flag) V2 structure,CONF_STATUS,Confidentiality status (flag)
dataflow,ESTAT:ISOC_AI_IAIU(1.0),Individuals - use of generative AI tools,A,Annual,CB_EU_FOR,Individuals who are born in another EU Member State,I_IUAI,Use of generative AI tools: in the last 3 months,PC_IND,Percentage of individuals,AT,Austria,2025,,43.00,,,,,
dataflow,ESTAT:ISOC_AI_IAIU(1.0),Individuals - use of generative AI tools,A,Annual,CB_EU_FOR,Individuals who are born in another EU Member State,I_IUAI,Use of generative AI tools: in the last 3 months,PC_IND,Percentage of individuals,EE,Estonia,2025,,43.66,,u,low reliability,,
dataflow,ESTAT:ISOC_AI_IAIU(1.0),Individuals - use of generative AI tools,A,Annual,CB_EU_FOR,Individuals who are born in another EU Member State,I_IUAI,Use of generative AI tools: in the last 3 months,PC_IND_IU3,Percentage of individuals who used internet in the last 3 months,AT,Austria,2025,,44.35,,,,,
dataflow,ESTAT:ISOC_AI_IAIU(1.0),Individuals - use of generative AI tools,A,Annual,CB_EU_FOR,Individuals who are born in another EU Member State,I_IUAI,Use of generative AI tools: in the last 3 months,PC_IND_IU3,Percentage of individuals who used internet in the last 3 months,EE,Estonia,2025,,46.75,,u,low reliability,,
dataflow,ESTAT:ISOC_AI_IAIU(1.0),Individuals - use of generative AI tools,A,Annual,CB_EU_FOR,Individuals who are born in another EU Member State,I_IUAIFE,Use of generative AI tools: for formal education,PC_IND,Percentage of individuals,AT,Austria,2025,,12.87,,,,,
dataflow,ESTAT:ISOC_AI_IAIU(1.0),Individuals - use of generative AI tools,A,Annual,CB_EU_FOR,Individuals who are born in another EU Member State,I_IUAIFE,Use of generative AI tools: for formal education,PC_IND,Percentage of individuals,CZ,Czechia,2025,,2.00,,u,low reliability,,
dataflow,ESTAT:ISOC_AI_IAIU(1.0),Individuals - use of generative AI tools,A,Annual,CB_EU_FOR,Individuals who are born in another EU Member State,I_IUAIFE,Use of generative AI tools: for formal education,PC_IND_IU3,Percentage of individuals who used internet in the last 3 months,AT,Austria,2025,,13.28,,,,,
dataflow,ESTAT:ISOC_AI_IAIU(1.0),Individuals - use of generative AI tools,A,Annual,CB_EU_FOR,Individuals who are born in another EU Member State,I_IUAIFE,Use of generative AI tools: for formal education,PC_IND_IU3,Percentage of individuals who used internet in the last 3 months,CZ,Czechia,2025,,2.24,,u,low reliability,,
dataflow,ESTAT:ISOC_AI_IAIU(1.0),Individuals - use of generative AI tools,A,Annual,CB_EU_FOR,Individuals who are born in another EU Member State,I_IUAIFE,Use of generative AI tools: for formal education,PC_IND_IUAI,Percentage of individuals who have used any generative AI tools in the last 3 months,AT,Austria,2025,,29.94,,,,,
dataflow,ESTAT:ISOC_AI_IAIU(1.0),Individuals - use of generative AI tools,A,Annual,CB_EU_FOR,Individuals who are born in another EU Member State,I_IUAIFE,Use of generative AI tools: for formal education,PC_IND_IUAI,Percentage of individuals who have used any generative AI tools in the last 3 months,CZ,Czechia,2025,,7.21,,u,low reliability,,
dataflow,ESTAT:ISOC_AI_IAIU(1.0),Individuals - use of generative AI tools,A,Annual,CB_EU_FOR,Individuals who are born in another EU Member State,I_IUAIPR,Use of generative AI tools: for private purposes,PC_IND,Percentage of individuals,AT,Austria,2025,,33.43,,,,,
dataflow,ESTAT:ISOC_AI_IAIU(1.0),Individuals - use of generative AI tools,A,Annual,CB_EU_FOR,Individuals who are born in another EU Member State,I_IUAIPR,Use of generative AI tools: for private purposes,PC_IND,Percentage of individuals,CZ,Czechia,2025,,24.95,,u,low reliability,,
dataflow,ESTAT:ISOC_AI_IAIU(1.0),Individuals - use of generative AI tools,A,Annual,CB_EU_FOR,Individuals who are born in another EU Member State,I_IUAIPR,Use of generative AI tools: for private purposes,PC_IND_IU3,Percentage of individuals who used internet in the last 3 months,AT,Austria,2025,,34.49,,,,,
dataflow,ESTAT:ISOC_AI_IAIU(1.0),Individuals - use of generative AI tools,A,Annual,CB_EU_FOR,Individuals who are born in another EU Member State,I_IUAIPR,Use of generative AI tools: for private purposes,PC_IND_IU3,Percentage of individuals who used internet in the last 3 months,CZ,Czechia,2025,,27.99,,u,low reliability,,
dataflow,ESTAT:ISOC_AI_IAIU(1.0),Individuals - use of generative AI tools,A,Annual,CB_EU_FOR,Individuals who are born in another EU Member State,I_IUAIPR,Use of generative AI tools: for private purposes,PC_IND_IUAI,Percentage of individuals who have used any generative AI tools in the last 3 months,AT,Austria,2025,,77.75,,,,,
dataflow,ESTAT:ISOC_AI_IAIU(1.0),Individuals - use of generative AI tools,A,Annual,CB_EU_FOR,Individuals who are born in another EU Member State,I_IUAIPR,Use of generative AI tools: for private purposes,PC_IND_IUAI,Percentage of individuals who have used any generative AI tools in the last 3 months,CZ,Czechia,2025,,89.99,,u,low reliability,,
dataflow,ESTAT:ISOC_AI_IAIU(1.0),Individuals - use of generative AI tools,A,Annual,CB_EU_FOR,Individuals who are born in another EU Member State,I_IUAIWP,Use of generative AI tools: for professional (work) purposes,PC_IND_IU3,Percentage of individuals who used internet in the last 3 months,AT,Austria,2025,,24.37,,,,,
dataflow,ESTAT:ISOC_AI_IAIU(1.0),Individuals - use of generative AI tools,A,Annual,CB_EU_FOR,Individuals who are born in another EU Member State,I_IUAIWP,Use of generative AI tools: for professional (work) purposes,PC_IND_IU3,Percentage of individuals who used internet in the last 3 months,CZ,Czechia,2025,,19.02,,u,low reliability,,
dataflow,ESTAT:ISOC_AI_IAIU(1.0),Individuals - use of generative AI tools,A,Annual,CB_EU_FOR,Individuals who are born in another EU Member State,I_IUAIWP,Use of generative AI tools: for professional (work) purposes,PC_IND_IUAI,Percentage of individuals who have used any generative AI tools in the last 3 months,AT,Austria,2025,,54.93,,,,,
dataflow,ESTAT:ISOC_AI_IAIU(1.0),Individuals - use of generative AI tools,A,Annual,CB_EU_FOR,Individuals who are born in another EU Member State,I_IUAIWP,Use of generative AI tools: for professional (work) purposes,PC_IND_IUAI,Percentage of individuals who have used any generative AI tools in the last 3 months,CZ,Czechia,2025,,61.14,,u,low reliability,,
dataflow,ESTAT:ISOC_AI_IAIU(1.0),Individuals - use of generative AI tools,A,Annual,CB_EXT_EU,Individuals who are born in non-EU country,I_IUAI,Use of generative AI tools: in the last 3 months,PC_IND,Percentage of individuals,AT,Austria,2025,,41.71,,,,,
dataflow,ESTAT:ISOC_AI_IAIU(1.0),Individuals - use of generative AI tools,A,Annual,CB_FOR,Individuals who are foreign-born,I_IUAI,Use of generative AI tools: in the last 3 months,PC_IND,Percentage of individuals,AT,Austria,2025,,42.26,,,,,
dataflow,ESTAT:ISOC_AI_IAIU(1.0),Individuals - use of generative AI tools,A,Annual,CB_NAT,Individuals who are native-born,I_IUAI,Use of generative AI tools: in the last 3 months,PC_IND,Percentage of individuals,AT,Austria,2025,,38.48,,,,,
dataflow,ESTAT:ISOC_AI_IAIU(1.0),Individuals - use of generative AI tools,A,Annual,CC_EU_FOR,Nationals of another EU-Member State,I_IUAI,Use of generative AI tools: in the last 3 months,PC_IND,Percentage of individuals,AT,Austria,2025,,44.72,,,,,
dataflow,ESTAT:ISOC_AI_IAIU(1.0),Individuals - use of generative AI tools,A,Annual,CC_EXT_EU,Nationals of non-EU country,I_IUAI,Use of generative AI tools: in the last 3 months,PC_IND,Percentage of individuals,AT,Austria,2025,,43.96,,,,,
dataflow,ESTAT:ISOC_AI_IAIU(1.0),Individuals - use of generative AI tools,A,Annual,CC_FOR,Non-nationals,I_IUAI,Use of generative AI tools: in the last 3 months,PC_IND,Percentage of individuals,AT,Austria,2025,,44.35,,,,,
dataflow,ESTAT:ISOC_AI_IAIU(1.0),Individuals - use of generative AI tools,A,Annual,CC_NAT,Nationals,I_IUAI,Use of generative AI tools: in the last 3 months,PC_IND,Percentage of individuals,AT,Austria,2025,,38.10,,,,,
dataflow,ESTAT:ISOC_AI_IAIU(1.0),Individuals - use of generative AI tools,A,Annual,EMPL_UNE,Individuals in the labour force (employed and unemployed),I_IUAI,Use of generative AI tools: in the last 3 months,PC_IND,Percentage of individuals,AT,Austria,2025,,43.98,,,,,
dataflow,ESTAT:ISOC_AI_IAIU(1.0),Individuals - use of generative AI tools,A,Annual,F_I0_2,Females with low formal education,I_IUAI,Use of generative AI tools: in the last 3 months,PC_IND,Percentage of individuals,AT,Austria,2025,,22.91,,,,,
dataflow,ESTAT:ISOC_AI_IAIU(1.0),Individuals - use of generative AI tools,A,Annual,F_I0_2_75_89,Females 75-89 with no or low education,I_IUAI,Use of generative AI tools: in the last 3 months,PC_IND,Percentage of individuals,AT,Austria,2025,,0,,,,,
dataflow,ESTAT:ISOC_AI_IAIU(1.0),Individuals - use of generative AI tools,A,Annual,F_I3_4,Females with medium formal education,I_IUAI,Use of generative AI tools: in the last 3 months,PC_IND,Percentage of individuals,AT,Austria,2025,,31.49,,,,,
dataflow,ESTAT:ISOC_AI_IAIU(1.0),Individuals - use of generative AI tools,A,Annual,F_I3_4_75_89,Females 75-89 with medium education,I_IUAI,Use of generative AI tools: in the last 3 months,PC_IND,Percentage of individuals,AT,Austria,2025,,0.66,,,,,
dataflow,ESTAT:ISOC_AI_IAIU(1.0),Individuals - use of generative AI tools,A,Annual,F_I5_8,Females with high formal education,I_IUAI,Use of generative AI tools: in the last 3 months,PC_IND,Percentage of individuals,AT,Austria,2025,,53.39,,,,,
dataflow,ESTAT:ISOC_AI_IAIU(1.0),Individuals - use of generative AI tools,A,Annual,F_I5_8_75_89,Females 75-89 with high education,I_IUAI,Use of generative AI tools: in the last 3 months,PC_IND,Percentage of individuals,BE,Belgium,2025,,2.78,,,,,
dataflow,ESTAT:ISOC_AI_IAIU(1.0),Individuals - use of generative AI tools,A,Annual,F_Y16_19,"Females, 16 to 19 years old",I_IUAI,Use of generative AI tools: in the last 3 months,PC_IND,Percentage of individuals,AT,Austria,2025,,82.61,,,,,
dataflow,ESTAT:ISOC_AI_IAIU(1.0),Individuals - use of generative AI tools,A,Annual,F_Y16_24,"Females, 16 to 24 years old",I_IUAI,Use of generative AI tools: in the last 3 months,PC_IND,Percentage of individuals,AT,Austria,2025,,77.94,,,,,
dataflow,ESTAT:ISOC_AI_IAIU(1.0),Individuals - use of generative AI tools,A,Annual,F_Y16_29,"Females, 16 to 29 years old",I_IUAI,Use of generative AI tools: in the last 3 months,PC_IND,Percentage of individuals,AT,Austria,2025,,73.56,,,,,
dataflow,ESTAT:ISOC_AI_IAIU(1.0),Individuals - use of generative AI tools,A,Annual,F_Y16_74,"Females, 16 to 74 years old",I_IUAIWP,Use of generative AI tools: for professional (work) purposes,PC_IND,Percentage of individuals,AT,Austria,2025,,18.46,,,,,
dataflow,ESTAT:ISOC_AI_IAIU(1.0),Individuals - use of generative AI tools,A,Annual,F_Y16_74,"Females, 16 to 74 years old",I_IUAIWP,Use of generative AI tools: for professional (work) purposes,PC_IND,Percentage of individuals,BE,Belgium,2025,,19.55,,,,,
dataflow,ESTAT:ISOC_AI_IAIU(1.0),Individuals - use of generative AI tools,A,Annual,F_Y16_74,"Females, 16 to 74 years old",I_IUAIWP,Use of generative AI tools: for professional (work) purposes,PC_IND,Percentage of individuals,BG,Bulgaria,2025,,7.79,,,,,
dataflow,ESTAT:ISOC_AI_IAIU(1.0),Individuals - use of generative AI tools,A,Annual,F_Y16_74,"Females, 16 to 74 years old",I_IUAIWP,Use of generative AI tools: for professional (work) purposes,PC_IND,Percentage of individuals,CZ,Czechia,2025,,11.73,,,,,
dataflow,ESTAT:ISOC_AI_IAIU(1.0),Individuals - use of generative AI tools,A,Annual,F_Y16_74,"Females, 16 to 74 years old",I_IUAIWP,Use of generative AI tools: for professional (work) purposes,PC_IND,Percentage of individuals,DE,Germany,2025,,13.76,,,,,
dataflow,ESTAT:ISOC_AI_IAIU(1.0),Individuals - use of generative AI tools,A,Annual,F_Y16_74,"Females, 16 to 74 years old",I_IUAIWP,Use of generative AI tools: for professional (work) purposes,PC_IND,Percentage of individuals,DK,Denmark,2025,,22.12,,,,,
dataflow,ESTAT:ISOC_AI_IAIU(1.0),Individuals - use of generative AI tools,A,Annual,F_Y16_74,"Females, 16 to 74 years old",I_IUAIWP,Use of generative AI tools: for professional (work) purposes,PC_IND,Percentage of individuals,EE,Estonia,2025,,24.88,,,,,
dataflow,ESTAT:ISOC_AI_IAIU(1.0),Individuals - use of generative AI tools,A,Annual,F_Y16_74,"Females, 16 to 74 years old",I_IUAIWP,Use of generative AI tools: for professional (work) purposes,PC_IND,Percentage of individuals,EL,Greece,2025,,14.00,,,,,
dataflow,ESTAT:ISOC_AI_IAIU(1.0),Individuals - use of generative AI tools,A,Annual,F_Y16_74,"Females, 16 to 74 years old",I_IUAIWP,Use of generative AI tools: for professional (work) purposes,PC_IND,Percentage of individuals,ES,Spain,2025,,17.47,,,,,
dataflow,ESTAT:ISOC_AI_IAIU(1.0),Individuals - use of generative AI tools,A,Annual,F_Y16_74,"Females, 16 to 74 years old",I_IUAIWP,Use of generative AI tools: for professional (work) purposes,PC_IND,Percentage of individuals,FI,Finland,2025,,24.19,,,,,
dataflow,ESTAT:ISOC_AI_IAIU(1.0),Individuals - use of generative AI tools,A,Annual,F_Y16_74,"Females, 16 to 74 years old",I_IUAIWP,Use of generative AI tools: for professional (work) purposes,PC_IND,Percentage of individuals,FR,France,2025,,16.92,,,,,
dataflow,ESTAT:ISOC_AI_IAIU(1.0),Individuals - use of generative AI tools,A,Annual,F_Y16_74,"Females, 16 to 74 years old",I_IUAIWP,Use of generative AI tools: for professional (work) purposes,PC_IND,Percentage of individuals,HR,Croatia,2025,,8.53,,,,,
dataflow,ESTAT:ISOC_AI_IAIU(1.0),Individuals - use of generative AI tools,A,Annual,F_Y16_74,"Females, 16 to 74 years old",I_IUAIWP,Use of generative AI tools: for professional (work) purposes,PC_IND,Percentage of individuals,HU,Hungary,2025,,12.67,,,,,
dataflow,ESTAT:ISOC_AI_IAIU(1.0),Individuals - use of generative AI tools,A,Annual,F_Y16_74,"Females, 16 to 74 years old",I_IUAIWP,Use of generative AI tools: for professional (work) purposes,PC_IND,Percentage of individuals,IE,Ireland,2025,,17.51,,,,,
dataflow,ESTAT:ISOC_AI_IAIU(1.0),Individuals - use of generative AI tools,A,Annual,F_Y16_74,"Females, 16 to 74 years old",I_IUAIWP,Use of generative AI tools: for professional (work) purposes,PC_IND,Percentage of individuals,IT,Italy,2025,,6.99,,,,,
dataflow,ESTAT:ISOC_AI_IAIU(1.0),Individuals - use of generative AI tools,A,Annual,F_Y16_74,"Females, 16 to 74 years old",I_IUAIWP,Use of generative AI tools: for professional (work) purposes,PC_IND,Percentage of individuals,LT,Lithuania,2025,,19.24,,,,,
dataflow,ESTAT:ISOC_AI_IAIU(1.0),Individuals - use of generative AI tools,A,Annual,F_Y16_74,"Females, 16 to 74 years old",I_IUAIWP,Use of generative AI tools: for professional (work) purposes,PC_IND,Percentage of individuals,LU,Luxembourg,2025,,22.97,,,,,
dataflow,ESTAT:ISOC_AI_IAIU(1.0),Individuals - use of generative AI tools,A,Annual,F_Y16_74,"Females, 16 to 74 years old",I_IUAIWP,Use of generative AI tools: for professional (work) purposes,PC_IND,Percentage of individuals,LV,Latvia,2025,,13.58,,,,,
dataflow,ESTAT:ISOC_AI_IAIU(1.0),Individuals - use of generative AI tools,A,Annual,F_Y16_74,"Females, 16 to 74 years old",I_IUAIWP,Use of generative AI tools: for professional (work) purposes,PC_IND,Percentage of individuals,NL,Netherlands,2025,,24.26,,,,,
dataflow,ESTAT:ISOC_AI_IAIU(1.0),Individuals - use of generative AI tools,A,Annual,F_Y16_74,"Females, 16 to 74 years old",I_IUAIWP,Use of generative AI tools: for professional (work) purposes,PC_IND,Percentage of individuals,NO,Norway,2025,,31.81,,,,,
dataflow,ESTAT:ISOC_AI_IAIU(1.0),Individuals - use of generative AI tools,A,Annual,F_Y16_74,"Females, 16 to 74 years old",I_IUAIWP,Use of generative AI tools: for professional (work) purposes,PC_IND,Percentage of individuals,PL,Poland,2025,,6.96,,,,,
dataflow,ESTAT:ISOC_AI_IAIU(1.0),Individuals - use of generative AI tools,A,Annual,F_Y16_74,"Females, 16 to 74 years old",I_IUAIWP,Use of generative AI tools: for professional (work) purposes,PC_IND,Percentage of individuals,PT,Portugal,2025,,20.04,,,,,
dataflow,ESTAT:ISOC_AI_IAIU(1.0),Individuals - use of generative AI tools,A,Annual,F_Y16_74,"Females, 16 to 74 years old",I_IUAIWP,Use of generative AI tools: for professional (work) purposes,PC_IND,Percentage of individuals,RO,Romania,2025,,4.68,,,,,
dataflow,ESTAT:ISOC_AI_IAIU(1.0),Individuals - use of generative AI tools,A,Annual,F_Y16_74,"Females, 16 to 74 years old",I_IUAIWP,Use of generative AI tools: for professional (work) purposes,PC_IND,Percentage of individuals,SE,Sweden,2025,,18.26,,,,,
dataflow,ESTAT:ISOC_AI_IAIU(1.0),Individuals - use of generative AI tools,A,Annual,F_Y16_74,"Females, 16 to 74 years old",I_IUAIWP,Use of generative AI tools: for professional (work) purposes,PC_IND,Percentage of individuals,SI,Slovenia,2025,,15.65,,,,,
dataflow,ESTAT:ISOC_AI_IAIU(1.0),Individuals - use of generative AI tools,A,Annual,F_Y16_74,"Females, 16 to 74 years old",I_IUAIWP,Use of generative AI tools: for professional (work) purposes,PC_IND,Percentage of individuals,SK,Slovakia,2025,,9.57,,,,,
dataflow,ESTAT:ISOC_AI_IAIU(1.0),Individuals - use of generative AI tools,A,Annual,F_Y16_74,"Females, 16 to 74 years old",I_IUAIWP,Use of generative AI tools: for professional (work) purposes,PC_IND,Percentage of individuals,TR,Türkiye,2025,,4.84,,,,,
dataflow,ESTAT:ISOC_AI_IAIU(1.0),Individuals - use of generative AI tools,A,Annual,F_Y20_24,"Females, 20 to 24 years old",I_IUAI,Use of generative AI tools: in the last 3 months,PC_IND,Percentage of individuals,AT,Austria,2025,,75.22,,,,,
dataflow,ESTAT:ISOC_AI_IAIU(1.0),Individuals - use of generative AI tools,A,Annual,F_Y25_29,"Females, 25 to 29 years old",I_IUAI,Use of generative AI tools: in the last 3 months,PC_IND,Percentage of individuals,AT,Austria,2025,,66.15,,,,,
dataflow,ESTAT:ISOC_AI_IAIU(1.0),Individuals - use of generative AI tools,A,Annual,F_Y25_34,"Females, 25 to 34 years old",I_IUAI,Use of generative AI tools: in the last 3 months,PC_IND,Percentage of individuals,AT,Austria,2025,,56.84,,,,,
dataflow,ESTAT:ISOC_AI_IAIU(1.0),Individuals - use of generative AI tools,A,Annual,F_Y25_54,Females 25 to 54 years old,I_IUAI,Use of generative AI tools: in the last 3 months,PC_IND,Percentage of individuals,AT,Austria,2025,,45.47,,,,,
dataflow,ESTAT:ISOC_AI_IAIU(1.0),Individuals - use of generative AI tools,A,Annual,F_Y25_64,"Females, 25 to 64 years old",I_IUAI,Use of generative AI tools: in the last 3 months,PC_IND,Percentage of individuals,AT,Austria,2025,,37.19,,,,,
dataflow,ESTAT:ISOC_AI_IAIU(1.0),Individuals - use of generative AI tools,A,Annual,F_Y35_44,Females 35 to 44 years old,I_IUAI,Use of generative AI tools: in the last 3 months,PC_IND,Percentage of individuals,AT,Austria,2025,,44.78,,,,,
dataflow,ESTAT:ISOC_AI_IAIU(1.0),Individuals - use of generative AI tools,A,Annual,F_Y45_54,Females 45 to 54 years old,I_IUAI,Use of generative AI tools: in the last 3 months,PC_IND,Percentage of individuals,AT,Austria,2025,,35.24,,,,,
dataflow,ESTAT:ISOC_AI_IAIU(1.0),Individuals - use of generative AI tools,A,Annual,F_Y55_64,Females 55 to 64 years old,I_IUAI,Use of generative AI tools: in the last 3 months,PC_IND,Percentage of individuals,AT,Austria,2025,,15.55,,,,,
dataflow,ESTAT:ISOC_AI_IAIU(1.0),Individuals - use of generative AI tools,A,Annual,F_Y55_74,Females 55 to 74 years old,I_IUAI,Use of generative AI tools: in the last 3 months,PC_IND,Percentage of individuals,AT,Austria,2025,,11.15,,,,,
dataflow,ESTAT:ISOC_AI_IAIU(1.0),Individuals - use of generative AI tools,A,Annual,F_Y65_74,Females 65 to 74 years old,I_IUAI,Use of generative AI tools: in the last 3 months,PC_IND,Percentage of individuals,AT,Austria,2025,,5.13,,,,,
dataflow,ESTAT:ISOC_AI_IAIU(1.0),Individuals - use of generative AI tools,A,Annual,F_Y75_89,Females 75-89,I_IUAI,Use of generative AI tools: in the last 3 months,PC_IND,Percentage of individuals,AT,Austria,2025,,0.58,,,,,
dataflow,ESTAT:ISOC_AI_IAIU(1.0),Individuals - use of generative AI tools,A,Annual,I0_2,Individuals with no or low formal education,I_IUAIWP,Use of generative AI tools: for professional (work) purposes,PC_IND,Percentage of individuals,AT,Austria,2025,,7.47,,,,,
dataflow,ESTAT:ISOC_AI_IAIU(1.0),Individuals - use of generative AI tools,A,Annual,I0_2,Individuals with no or low formal education,I_IUAIWP,Use of generative AI tools: for professional (work) purposes,PC_IND,Percentage of individuals,BE,Belgium,2025,,3.21,,,,,
dataflow,ESTAT:ISOC_AI_IAIU(1.0),Individuals - use of generative AI tools,A,Annual,I0_2,Individuals with no or low formal education,I_IUAIWP,Use of generative AI tools: for professional (work) purposes,PC_IND,Percentage of individuals,BG,Bulgaria,2025,,0.89,,,,,
dataflow,ESTAT:ISOC_AI_IAIU(1.0),Individuals - use of generative AI tools,A,Annual,I0_2,Individuals with no or low formal education,I_IUAIWP,Use of generative AI tools: for professional (work) purposes,PC_IND,Percentage of individuals,CZ,Czechia,2025,,1.23,,,,,
dataflow,ESTAT:ISOC_AI_IAIU(1.0),Individuals - use of generative AI tools,A,Annual,I0_2,Individuals with no or low formal education,I_IUAIWP,Use of generative AI tools: for professional (work) purposes,PC_IND,Percentage of individuals,DE,Germany,2025,,6.41,,,,,
dataflow,ESTAT:ISOC_AI_IAIU(1.0),Individuals - use of generative AI tools,A,Annual,I0_2,Individuals with no or low formal education,I_IUAIWP,Use of generative AI tools: for professional (work) purposes,PC_IND,Percentage of individuals,DK,Denmark,2025,,12.41,,,,,
dataflow,ESTAT:ISOC_AI_IAIU(1.0),Individuals - use of generative AI tools,A,Annual,I0_2,Individuals with no or low formal education,I_IUAIWP,Use of generative AI tools: for professional (work) purposes,PC_IND,Percentage of individuals,EE,Estonia,2025,,11.61,,,,,
dataflow,ESTAT:ISOC_AI_IAIU(1.0),Individuals - use of generative AI tools,A,Annual,I0_2,Individuals with no or low formal education,I_IUAIWP,Use of generative AI tools: for professional (work) purposes,PC_IND,Percentage of individuals,EL,Greece,2025,,2.25,,,,,
dataflow,ESTAT:ISOC_AI_IAIU(1.0),Individuals - use of generative AI tools,A,Annual,I0_2,Individuals with no or low formal education,I_IUAIWP,Use of generative AI tools: for professional (work) purposes,PC_IND,Percentage of individuals,ES,Spain,2025,,3.81,,,,,
dataflow,ESTAT:ISOC_AI_IAIU(1.0),Individuals - use of generative AI tools,A,Annual,I0_2,Individuals with no or low formal education,I_IUAIWP,Use of generative AI tools: for professional (work) purposes,PC_IND,Percentage of individuals,FI,Finland,2025,,15.25,,,,,
dataflow,ESTAT:ISOC_AI_IAIU(1.0),Individuals - use of generative AI tools,A,Annual,I0_2,Individuals with no or low formal education,I_IUAIWP,Use of generative AI tools: for professional (work) purposes,PC_IND,Percentage of individuals,FR,France,2025,,3.63,,,,,
dataflow,ESTAT:ISOC_AI_IAIU(1.0),Individuals - use of generative AI tools,A,Annual,I0_2,Individuals with no or low formal education,I_IUAIWP,Use of generative AI tools: for professional (work) purposes,PC_IND,Percentage of individuals,HR,Croatia,2025,,,,u,low reliability,,
dataflow,ESTAT:ISOC_AI_IAIU(1.0),Individuals - use of generative AI tools,A,Annual,I0_2,Individuals with no or low formal education,I_IUAIWP,Use of generative AI tools: for professional (work) purposes,PC_IND,Percentage of individuals,HU,Hungary,2025,,7.53,,,,,
dataflow,ESTAT:ISOC_AI_IAIU(1.0),Individuals - use of generative AI tools,A,Annual,I0_2,Individuals with no or low formal education,I_IUAIWP,Use of generative AI tools: for professional (work) purposes,PC_IND,Percentage of individuals,IE,Ireland,2025,,11.14,,,,,
dataflow,ESTAT:ISOC_AI_IAIU(1.0),Individuals - use of generative AI tools,A,Annual,I0_2,Individuals with no or low formal education,I_IUAIWP,Use of generative AI tools: for professional (work) purposes,PC_IND,Percentage of individuals,IT,Italy,2025,,1.47,,,,,
dataflow,ESTAT:ISOC_AI_IAIU(1.0),Individuals - use of generative AI tools,A,Annual,I0_2,Individuals with no or low formal education,I_IUAIWP,Use of generative AI tools: for professional (work) purposes,PC_IND,Percentage of individuals,LT,Lithuania,2025,,3.73,,,,,
dataflow,ESTAT:ISOC_AI_IAIU(1.0),Individuals - use of generative AI tools,A,Annual,I0_2,Individuals with no or low formal education,I_IUAIWP,Use of generative AI tools: for professional (work) purposes,PC_IND,Percentage of individuals,LU,Luxembourg,2025,,5.00,,,,,
dataflow,ESTAT:ISOC_AI_IAIU(1.0),Individuals - use of generative AI tools,A,Annual,I0_2,Individuals with no or low formal education,I_IUAIWP,Use of generative AI tools: for professional (work) purposes,PC_IND,Percentage of individuals,LV,Latvia,2025,,3.41,,,,,
dataflow,ESTAT:ISOC_AI_IAIU(1.0),Individuals - use of generative AI tools,A,Annual,I0_2,Individuals with no or low formal education,I_IUAIWP,Use of generative AI tools: for professional (work) purposes,PC_IND,Percentage of individuals,NL,Netherlands,2025,,8.33,,,,,
dataflow,ESTAT:ISOC_AI_IAIU(1.0),Individuals - use of generative AI tools,A,Annual,I0_2,Individuals with no or low formal education,I_IUAIWP,Use of generative AI tools: for professional (work) purposes,PC_IND,Percentage of individuals,NO,Norway,2025,,17.56,,,,,
dataflow,ESTAT:ISOC_AI_IAIU(1.0),Individuals - use of generative AI tools,A,Annual,I0_2,Individuals with no or low formal education,I_IUAIWP,Use of generative AI tools: for professional (work) purposes,PC_IND,Percentage of individuals,PL,Poland,2025,,0.83,,,,,
dataflow,ESTAT:ISOC_AI_IAIU(1.0),Individuals - use of generative AI tools,A,Annual,I0_2,Individuals with no or low formal education,I_IUAIWP,Use of generative AI tools: for professional (work) purposes,PC_IND,Percentage of individuals,PT,Portugal,2025,,3.23,,,,,
dataflow,ESTAT:ISOC_AI_IAIU(1.0),Individuals - use of generative AI tools,A,Annual,I0_2,Individuals with no or low formal education,I_IUAIWP,Use of generative AI tools: for professional (work) purposes,PC_IND,Percentage of individuals,RO,Romania,2025,,0.14,,,,,
dataflow,ESTAT:ISOC_AI_IAIU(1.0),Individuals - use of generative AI tools,A,Annual,I0_2,Individuals with no or low formal education,I_IUAIWP,Use of generative AI tools: for professional (work) purposes,PC_IND,Percentage of individuals,SE,Sweden,2025,,6.76,,,,,
dataflow,ESTAT:ISOC_AI_IAIU(1.0),Individuals - use of generative AI tools,A,Annual,I0_2,Individuals with no or low formal education,I_IUAIWP,Use of generative AI tools: for professional (work) purposes,PC_IND,Percentage of individuals,SI,Slovenia,2025,,2.15,,,,,
dataflow,ESTAT:ISOC_AI_IAIU(1.0),Individuals - use of generative AI tools,A,Annual,I0_2,Individuals with no or low formal education,I_IUAIWP,Use of generative AI tools: for professional (work) purposes,PC_IND,Percentage of individuals,SK,Slovakia,2025,,6.29,,,,,
dataflow,ESTAT:ISOC_AI_IAIU(1.0),Individuals - use of generative AI tools,A,Annual,I0_2,Individuals with no or low formal education,I_IUAIWP,Use of generative AI tools: for professional (work) purposes,PC_IND,Percentage of individuals,TR,Türkiye,2025,,0.65,,,,,
dataflow,ESTAT:ISOC_AI_IAIU(1.0),Individuals - use of generative AI tools,A,Annual,I3_4,Individuals with medium formal education,I_IUAIWP,Use of generative AI tools: for professional (work) purposes,PC_IND,Percentage of individuals,AT,Austria,2025,,15.22,,,,,
dataflow,ESTAT:ISOC_AI_IAIU(1.0),Individuals - use of generative AI tools,A,Annual,I3_4,Individuals with medium formal education,I_IUAIWP,Use of generative AI tools: for professional (work) purposes,PC_IND,Percentage of individuals,BE,Belgium,2025,,12.23,,,,,
dataflow,ESTAT:ISOC_AI_IAIU(1.0),Individuals - use of generative AI tools,A,Annual,I3_4,Individuals with medium formal education,I_IUAIWP,Use of generative AI tools: for professional (work) purposes,PC_IND,Percentage of individuals,BG,Bulgaria,2025,,3.20,,,,,
dataflow,ESTAT:ISOC_AI_IAIU(1.0),Individuals - use of generative AI tools,A,Annual,I3_4,Individuals with medium formal education,I_IUAIWP,Use of generative AI tools: for professional (work) purposes,PC_IND,Percentage of individuals,CZ,Czechia,2025,,8.60,,,,,
dataflow,ESTAT:ISOC_AI_IAIU(1.0),Individuals - use of generative AI tools,A,Annual,I3_4,Individuals with medium formal education,I_IUAIWP,Use of generative AI tools: for professional (work) purposes,PC_IND,Percentage of individuals,DE,Germany,2025,,11.87,,,,,
dataflow,ESTAT:ISOC_AI_IAIU(1.0),Individuals - use of generative AI tools,A,Annual,I3_4,Individuals with medium formal education,I_IUAIWP,Use of generative AI tools: for professional (work) purposes,PC_IND,Percentage of individuals,DK,Denmark,2025,,19.96,,,,,
dataflow,ESTAT:ISOC_AI_IAIU(1.0),Individuals - use of generative AI tools,A,Annual,I3_4,Individuals with medium formal education,I_IUAIWP,Use of generative AI tools: for professional (work) purposes,PC_IND,Percentage of individuals,EE,Estonia,2025,,18.98,,,,,
dataflow,ESTAT:ISOC_AI_IAIU(1.0),Individuals - use of generative AI tools,A,Annual,I3_4,Individuals with medium formal education,I_IUAIWP,Use of generative AI tools: for professional (work) purposes,PC_IND,Percentage of individuals,EL,Greece,2025,,5.53,,,,,
dataflow,ESTAT:ISOC_AI_IAIU(1.0),Individuals - use of generative AI tools,A,Annual,I3_4,Individuals with medium formal education,I_IUAIWP,Use of generative AI tools: for professional (work) purposes,PC_IND,Percentage of individuals,ES,Spain,2025,,11.53,,,,,
dataflow,ESTAT:ISOC_AI_IAIU(1.0),Individuals - use of generative AI tools,A,Annual,I3_4,Individuals with medium formal education,I_IUAIWP,Use of generative AI tools: for professional (work) purposes,PC_IND,Percentage of individuals,FI,Finland,2025,,15.58,,,,,
dataflow,ESTAT:ISOC_AI_IAIU(1.0),Individuals - use of generative AI tools,A,Annual,I3_4,Individuals with medium formal education,I_IUAIWP,Use of generative AI tools: for professional (work) purposes,PC_IND,Percentage of individuals,FR,France,2025,,11.21,,,,,
dataflow,ESTAT:ISOC_AI_IAIU(1.0),Individuals - use of generative AI tools,A,Annual,I3_4,Individuals with medium formal education,I_IUAIWP,Use of generative AI tools: for professional (work) purposes,PC_IND,Percentage of individuals,HR,Croatia,2025,,8.39,,,,,
dataflow,ESTAT:ISOC_AI_IAIU(1.0),Individuals - use of generative AI tools,A,Annual,I3_4,Individuals with medium formal education,I_IUAIWP,Use of generative AI tools: for professional (work) purposes,PC_IND,Percentage of individuals,HU,Hungary,2025,,9.40,,,,,
dataflow,ESTAT:ISOC_AI_IAIU(1.0),Individuals - use of generative AI tools,A,Annual,I3_4,Individuals with medium formal education,I_IUAIWP,Use of generative AI tools: for professional (work) purposes,PC_IND,Percentage of individuals,IE,Ireland,2025,,9.73,,,,,
dataflow,ESTAT:ISOC_AI_IAIU(1.0),Individuals - use of generative AI tools,A,Annual,I3_4,Individuals with medium formal education,I_IUAIWP,Use of generative AI tools: for professional (work) purposes,PC_IND,Percentage of individuals,IT,Italy,2025,,7.10,,,,,
dataflow,ESTAT:ISOC_AI_IAIU(1.0),Individuals - use of generative AI tools,A,Annual,I3_4,Individuals with medium formal education,I_IUAIWP,Use of generative AI tools: for professional (work) purposes,PC_IND,Percentage of individuals,LT,Lithuania,2025,,5.43,,,,,
dataflow,ESTAT:ISOC_AI_IAIU(1.0),Individuals - use of generative AI tools,A,Annual,I3_4,Individuals with medium formal education,I_IUAIWP,Use of generative AI tools: for professional (work) purposes,PC_IND,Percentage of individuals,LU,Luxembourg,2025,,14.50,,,,,
dataflow,ESTAT:ISOC_AI_IAIU(1.0),Individuals - use of generative AI tools,A,Annual,I3_4,Individuals with medium formal education,I_IUAIWP,Use of generative AI tools: for professional (work) purposes,PC_IND,Percentage of individuals,LV,Latvia,2025,,7.05,,,,,
dataflow,ESTAT:ISOC_AI_IAIU(1.0),Individuals - use of generative AI tools,A,Annual,I3_4,Individuals with medium formal education,I_IUAIWP,Use of generative AI tools: for professional (work) purposes,PC_IND,Percentage of individuals,NL,Netherlands,2025,,19.86,,,,,
dataflow,ESTAT:ISOC_AI_IAIU(1.0),Individuals - use of generative AI tools,A,Annual,I3_4,Individuals with medium formal education,I_IUAIWP,Use of generative AI tools: for professional (work) purposes,PC_IND,Percentage of individuals,NO,Norway,2025,,23.50,,,,,
dataflow,ESTAT:ISOC_AI_IAIU(1.0),Individuals - use of generative AI tools,A,Annual,I3_4,Individuals with medium formal education,I_IUAIWP,Use of generative AI tools: for professional (work) purposes,PC_IND,Percentage of individuals,PL,Poland,2025,,2.35,,,,,
dataflow,ESTAT:ISOC_AI_IAIU(1.0),Individuals - use of generative AI tools,A,Annual,I3_4,Individuals with medium formal education,I_IUAIWP,Use of generative AI tools: for professional (work) purposes,PC_IND,Percentage of individuals,PT,Portugal,2025,,18.42,,,,,
dataflow,ESTAT:ISOC_AI_IAIU(1.0),Individuals - use of generative AI tools,A,Annual,I3_4,Individuals with medium formal education,I_IUAIWP,Use of generative AI tools: for professional (work) purposes,PC_IND,Percentage of individuals,RO,Romania,2025,,2.79,,,,,
dataflow,ESTAT:ISOC_AI_IAIU(1.0),Individuals - use of generative AI tools,A,Annual,I3_4,Individuals with medium formal education,I_IUAIWP,Use of generative AI tools: for professional (work) purposes,PC_IND,Percentage of individuals,SE,Sweden,2025,,14.28,,,,,
dataflow,ESTAT:ISOC_AI_IAIU(1.0),Individuals - use of generative AI tools,A,Annual,I3_4,Individuals with medium formal education,I_IUAIWP,Use of generative AI tools: for professional (work) purposes,PC_IND,Percentage of individuals,SI,Slovenia,2025,,7.73,,,,,
dataflow,ESTAT:ISOC_AI_IAIU(1.0),Individuals - use of generative AI tools,A,Annual,I3_4,Individuals with medium formal education,I_IUAIWP,Use of generative AI tools: for professional (work) purposes,PC_IND,Percentage of individuals,SK,Slovakia,2025,,5.67,,,,,
dataflow,ESTAT:ISOC_AI_IAIU(1.0),Individuals - use of generative AI tools,A,Annual,I3_4,Individuals with medium formal education,I_IUAIWP,Use of generative AI tools: for professional (work) purposes,PC_IND,Percentage of individuals,TR,Türkiye,2025,,5.04,,,,,
dataflow,ESTAT:ISOC_AI_IAIU(1.0),Individuals - use of generative AI tools,A,Annual,I5_8,Individuals with high formal education,I_IUAIWP,Use of generative AI tools: for professional (work) purposes,PC_IND,Percentage of individuals,AT,Austria,2025,,37.07,,,,,
dataflow,ESTAT:ISOC_AI_IAIU(1.0),Individuals - use of generative AI tools,A,Annual,I5_8,Individuals with high formal education,I_IUAIWP,Use of generative AI tools: for professional (work) purposes,PC_IND,Percentage of individuals,BE,Belgium,2025,,37.61,,,,,
dataflow,ESTAT:ISOC_AI_IAIU(1.0),Individuals - use of generative AI tools,A,Annual,I5_8,Individuals with high formal education,I_IUAIWP,Use of generative AI tools: for professional (work) purposes,PC_IND,Percentage of individuals,BG,Bulgaria,2025,,22.70,,,,,
dataflow,ESTAT:ISOC_AI_IAIU(1.0),Individuals - use of generative AI tools,A,Annual,I5_8,Individuals with high formal education,I_IUAIWP,Use of generative AI tools: for professional (work) purposes,PC_IND,Percentage of individuals,CZ,Czechia,2025,,33.99,,,,,
dataflow,ESTAT:ISOC_AI_IAIU(1.0),Individuals - use of generative AI tools,A,Annual,I5_8,Individuals with high formal education,I_IUAIWP,Use of generative AI tools: for professional (work) purposes,PC_IND,Percentage of individuals,DE,Germany,2025,,27.54,,,,,
dataflow,ESTAT:ISOC_AI_IAIU(1.0),Individuals - use of generative AI tools,A,Annual,I5_8,Individuals with high formal education,I_IUAIWP,Use of generative AI tools: for professional (work) purposes,PC_IND,Percentage of individuals,DK,Denmark,2025,,43.11,,,,,
dataflow,ESTAT:ISOC_AI_IAIU(1.0),Individuals - use of generative AI tools,A,Annual,I5_8,Individuals with high formal education,I_IUAIWP,Use of generative AI tools: for professional (work) purposes,PC_IND,Percentage of individuals,EE,Estonia,2025,,37.95,,,,,
dataflow,ESTAT:ISOC_AI_IAIU(1.0),Individuals - use of generative AI tools,A,Annual,I5_8,Individuals with high formal education,I_IUAIWP,Use of generative AI tools: for professional (work) purposes,PC_IND,Percentage of individuals,EL,Greece,2025,,35.59,,,,,
dataflow,ESTAT:ISOC_AI_IAIU(1.0),Individuals - use of generative AI tools,A,Annual,I5_8,Individuals with high formal education,I_IUAIWP,Use of generative AI tools: for professional (work) purposes,PC_IND,Percentage of individuals,ES,Spain,2025,,31.13,,,,,
dataflow,ESTAT:ISOC_AI_IAIU(1.0),Individuals - use of generative AI tools,A,Annual,I5_8,Individuals with high formal education,I_IUAIWP,Use of generative AI tools: for professional (work) purposes,PC_IND,Percentage of individuals,FI,Finland,2025,,42.49,,,,,
dataflow,ESTAT:ISOC_AI_IAIU(1.0),Individuals - use of generative AI tools,A,Annual,I5_8,Individuals with high formal education,I_IUAIWP,Use of generative AI tools: for professional (work) purposes,PC_IND,Percentage of individuals,FR,France,2025,,34.04,,,,,
dataflow,ESTAT:ISOC_AI_IAIU(1.0),Individuals - use of generative AI tools,A,Annual,I5_8,Individuals with high formal education,I_IUAIWP,Use of generative AI tools: for professional (work) purposes,PC_IND,Percentage of individuals,HR,Croatia,2025,,16.02,,,,,
dataflow,ESTAT:ISOC_AI_IAIU(1.0),Individuals - use of generative AI tools,A,Annual,I5_8,Individuals with high formal education,I_IUAIWP,Use of generative AI tools: for professional (work) purposes,PC_IND,Percentage of individuals,HU,Hungary,2025,,28.40,,,,,
dataflow,ESTAT:ISOC_AI_IAIU(1.0),Individuals - use of generative AI tools,A,Annual,I5_8,Individuals with high formal education,I_IUAIWP,Use of generative AI tools: for professional (work) purposes,PC_IND,Percentage of individuals,IE,Ireland,2025,,30.88,,,,,
dataflow,ESTAT:ISOC_AI_IAIU(1.0),Individuals - use of generative AI tools,A,Annual,I5_8,Individuals with high formal education,I_IUAIWP,Use of generative AI tools: for professional (work) purposes,PC_IND,Percentage of individuals,IT,Italy,2025,,20.85,,,,,
dataflow,ESTAT:ISOC_AI_IAIU(1.0),Individuals - use of generative AI tools,A,Annual,I5_8,Individuals with high formal education,I_IUAIWP,Use of generative AI tools: for professional (work) purposes,PC_IND,Percentage of individuals,LT,Lithuania,2025,,35.24,,,,,
dataflow,ESTAT:ISOC_AI_IAIU(1.0),Individuals - use of generative AI tools,A,Annual,I5_8,Individuals with high formal education,I_IUAIWP,Use of generative AI tools: for professional (work) purposes,PC_IND,Percentage of individuals,LU,Luxembourg,2025,,40.97,,,,,
dataflow,ESTAT:ISOC_AI_IAIU(1.0),Individuals - use of generative AI tools,A,Annual,I5_8,Individuals with high formal education,I_IUAIWP,Use of generative AI tools: for professional (work) purposes,PC_IND,Percentage of individuals,LV,Latvia,2025,,28.31,,,,,
dataflow,ESTAT:ISOC_AI_IAIU(1.0),Individuals - use of generative AI tools,A,Annual,I5_8,Individuals with high formal education,I_IUAIWP,Use of generative AI tools: for professional (work) purposes,PC_IND,Percentage of individuals,NL,Netherlands,2025,,43.01,,,,,
dataflow,ESTAT:ISOC_AI_IAIU(1.0),Individuals - use of generative AI tools,A,Annual,I5_8,Individuals with high formal education,I_IUAIWP,Use of generative AI tools: for professional (work) purposes,PC_IND,Percentage of individuals,NO,Norway,2025,,49.20,,,,,
dataflow,ESTAT:ISOC_AI_IAIU(1.0),Individuals - use of generative AI tools,A,Annual,I5_8,Individuals with high formal education,I_IUAIWP,Use of generative AI tools: for professional (work) purposes,PC_IND,Percentage of individuals,PL,Poland,2025,,22.89,,,,,
dataflow,ESTAT:ISOC_AI_IAIU(1.0),Individuals - use of generative AI tools,A,Annual,I5_8,Individuals with high formal education,I_IUAIWP,Use of generative AI tools: for professional (work) purposes,PC_IND,Percentage of individuals,PT,Portugal,2025,,42.85,,,,,
dataflow,ESTAT:ISOC_AI_IAIU(1.0),Individuals - use of generative AI tools,A,Annual,I5_8,Individuals with high formal education,I_IUAIWP,Use of generative AI tools: for professional (work) purposes,PC_IND,Percentage of individuals,RO,Romania,2025,,20.05,,,,,
dataflow,ESTAT:ISOC_AI_IAIU(1.0),Individuals - use of generative AI tools,A,Annual,I5_8,Individuals with high formal education,I_IUAIWP,Use of generative AI tools: for professional (work) purposes,PC_IND,Percentage of individuals,SE,Sweden,2025,,36.34,,,,,
dataflow,ESTAT:ISOC_AI_IAIU(1.0),Individuals - use of generative AI tools,A,Annual,I5_8,Individuals with high formal education,I_IUAIWP,Use of generative AI tools: for professional (work) purposes,PC_IND,Percentage of individuals,SI,Slovenia,2025,,37.75,,,,,
dataflow,ESTAT:ISOC_AI_IAIU(1.0),Individuals - use of generative AI tools,A,Annual,I5_8,Individuals with high formal education,I_IUAIWP,Use of generative AI tools: for professional (work) purposes,PC_IND,Percentage of individuals,SK,Slovakia,2025,,26.17,,,,,
dataflow,ESTAT:ISOC_AI_IAIU(1.0),Individuals - use of generative AI tools,A,Annual,I5_8,Individuals with high formal education,I_IUAIWP,Use of generative AI tools: for professional (work) purposes,PC_IND,Percentage of individuals,TR,Türkiye,2025,,18.28,,,,,
dataflow,ESTAT:ISOC_AI_IAIU(1.0),Individuals - use of generative AI tools,A,Annual,IND_DEG1,Individuals living in cities,I_IUAI,Use of generative AI tools: in the last 3 months,PC_IND,Percentage of individuals,AT,Austria,2025,,47.85,,,,,
dataflow,ESTAT:ISOC_AI_IAIU(1.0),Individuals - use of generative AI tools,A,Annual,IND_DEG2,Individuals living in towns and suburbs,I_IUAI,Use of generative AI tools: in the last 3 months,PC_IND,Percentage of individuals,AT,Austria,2025,,37.56,,,,,
dataflow,ESTAT:ISOC_AI_IAIU(1.0),Individuals - use of generative AI tools,A,Annual,IND_DEG3,Individuals living in rural areas,I_IUAI,Use of generative AI tools: in the last 3 months,PC_IND,Percentage of individuals,AT,Austria,2025,,32.15,,,,,
dataflow,ESTAT:ISOC_AI_IAIU(1.0),Individuals - use of generative AI tools,A,Annual,IND_TOTAL,All individuals,I_IUAI,Use of generative AI tools: in the last 3 months,PC_IND,Percentage of individuals,AL,Albania,2025,,27.28,,,,,
dataflow,ESTAT:ISOC_AI_IAIU(1.0),Individuals - use of generative AI tools,A,Annual,IND_TOTAL,All individuals,I_IUAI,Use of generative AI tools: in the last 3 months,PC_IND,Percentage of individuals,AT,Austria,2025,,39.42,,,,,
dataflow,ESTAT:ISOC_AI_IAIU(1.0),Individuals - use of generative AI tools,A,Annual,IND_TOTAL,All individuals,I_IUAI,Use of generative AI tools: in the last 3 months,PC_IND,Percentage of individuals,BA,Bosnia and Herzegovina,2025,,20.26,,,,,
dataflow,ESTAT:ISOC_AI_IAIU(1.0),Individuals - use of generative AI tools,A,Annual,IND_TOTAL,All individuals,I_IUAI,Use of generative AI tools: in the last 3 months,PC_IND,Percentage of individuals,CH,Switzerland,2025,,47.02,,,,,
dataflow,ESTAT:ISOC_AI_IAIU(1.0),Individuals - use of generative AI tools,A,Annual,IND_TOTAL,All individuals,I_IUAI,Use of generative AI tools: in the last 3 months,PC_IND,Percentage of individuals,CY,Cyprus,2025,,44.20,,,,,
dataflow,ESTAT:ISOC_AI_IAIU(1.0),Individuals - use of generative AI tools,A,Annual,IND_TOTAL,All individuals,I_IUAI,Use of generative AI tools: in the last 3 months,PC_IND,Percentage of individuals,EA,"Euro area (EA11-1999, EA12-2001, EA13-2007, EA15-2008, EA16-2009, EA17-2011, EA18-2014, EA19-2015, EA20-2023, EA21-2026)",2025,,34.20,,,,,
dataflow,ESTAT:ISOC_AI_IAIU(1.0),Individuals - use of generative AI tools,A,Annual,IND_TOTAL,All individuals,I_IUAI,Use of generative AI tools: in the last 3 months,PC_IND,Percentage of individuals,EU27_2020,European Union - 27 countries (from 2020),2025,,32.66,,,,,
dataflow,ESTAT:ISOC_AI_IAIU(1.0),Individuals - use of generative AI tools,A,Annual,IND_TOTAL,All individuals,I_IUAI,Use of generative AI tools: in the last 3 months,PC_IND,Percentage of individuals,MK,North Macedonia,2025,,22.03,,,,,
dataflow,ESTAT:ISOC_AI_IAIU(1.0),Individuals - use of generative AI tools,A,Annual,IND_TOTAL,All individuals,I_IUAI,Use of generative AI tools: in the last 3 months,PC_IND,Percentage of individuals,MT,Malta,2025,,46.46,,,,,
dataflow,ESTAT:ISOC_AI_IAIU(1.0),Individuals - use of generative AI tools,A,Annual,IND_TOTAL,All individuals,I_IUAI,Use of generative AI tools: in the last 3 months,PC_IND,Percentage of individuals,RS,Serbia,2025,,18.64,,,,,
dataflow,ESTAT:ISOC_AI_IAIU(1.0),Individuals - use of generative AI tools,A,Annual,IND_TOTAL,All individuals,I_IUAI,Use of generative AI tools: in the last 3 months,PC_IND,Percentage of individuals,XK,Kosovo*,2025,,44.85,,,,,
dataflow,ESTAT:ISOC_AI_IAIU(1.0),Individuals - use of generative AI tools,A,Annual,IND_TOTAL,All individuals,I_IUAI,Use of generative AI tools: in the last 3 months,PC_IND_IU3,Percentage of individuals who used internet in the last 3 months,EU27_2020,European Union - 27 countries (from 2020),2025,,34.82,,,,,
dataflow,ESTAT:ISOC_AI_IAIU(1.0),Individuals - use of generative AI tools,A,Annual,IND_TOTAL,All individuals,I_IUAIFE,Use of generative AI tools: for formal education,PC_IND,Percentage of individuals,EU27_2020,European Union - 27 countries (from 2020),2025,,9.32,,,,,
dataflow,ESTAT:ISOC_AI_IAIU(1.0),Individuals - use of generative AI tools,A,Annual,IND_TOTAL,All individuals,I_IUAIFE,Use of generative AI tools: for formal education,PC_IND_IU3,Percentage of individuals who used internet in the last 3 months,EU27_2020,European Union - 27 countries (from 2020),2025,,9.94,,,,,
dataflow,ESTAT:ISOC_AI_IAIU(1.0),Individuals - use of generative AI tools,A,Annual,IND_TOTAL,All individuals,I_IUAIFE,Use of generative AI tools: for formal education,PC_IND_IUAI,Percentage of individuals who have used any generative AI tools in the last 3 months,EU27_2020,European Union - 27 countries (from 2020),2025,,28.54,,,,,
dataflow,ESTAT:ISOC_AI_IAIU(1.0),Individuals - use of generative AI tools,A,Annual,IND_TOTAL,All individuals,I_IUAIPR,Use of generative AI tools: for private purposes,PC_IND,Percentage of individuals,EU27_2020,European Union - 27 countries (from 2020),2025,,25.49,,,,,
dataflow,ESTAT:ISOC_AI_IAIU(1.0),Individuals - use of generative AI tools,A,Annual,IND_TOTAL,All individuals,I_IUAIPR,Use of generative AI tools: for private purposes,PC_IND_IU3,Percentage of individuals who used internet in the last 3 months,EU27_2020,European Union - 27 countries (from 2020),2025,,27.18,,,,,
dataflow,ESTAT:ISOC_AI_IAIU(1.0),Individuals - use of generative AI tools,A,Annual,IND_TOTAL,All individuals,I_IUAIPR,Use of generative AI tools: for private purposes,PC_IND_IUAI,Percentage of individuals who have used any generative AI tools in the last 3 months,EU27_2020,European Union - 27 countries (from 2020),2025,,78.04,,,,,
dataflow,ESTAT:ISOC_AI_IAIU(1.0),Individuals - use of generative AI tools,A,Annual,IND_TOTAL,All individuals,I_IUAIWP,Use of generative AI tools: for professional (work) purposes,PC_IND,Percentage of individuals,EU27_2020,European Union - 27 countries (from 2020),2025,,15.36,,,,,
dataflow,ESTAT:ISOC_AI_IAIU(1.0),Individuals - use of generative AI tools,A,Annual,IND_TOTAL,All individuals,I_IUAIWP,Use of generative AI tools: for professional (work) purposes,PC_IND_IU3,Percentage of individuals who used internet in the last 3 months,EU27_2020,European Union - 27 countries (from 2020),2025,,16.37,,,,,
dataflow,ESTAT:ISOC_AI_IAIU(1.0),Individuals - use of generative AI tools,A,Annual,IND_TOTAL,All individuals,I_IUAIWP,Use of generative AI tools: for professional (work) purposes,PC_IND_IUAI,Percentage of individuals who have used any generative AI tools in the last 3 months,EU27_2020,European Union - 27 countries (from 2020),2025,,47.02,,,,,
dataflow,ESTAT:ISOC_AI_IAIU(1.0),Individuals - use of generative AI tools,A,Annual,ISCO0_5,Non-manual including the armed forces,I_IUAI,Use of generative AI tools: in the last 3 months,PC_IND,Percentage of individuals,AT,Austria,2025,,51.39,,,,,
dataflow,ESTAT:ISOC_AI_IAIU(1.0),Individuals - use of generative AI tools,A,Annual,ISCO6_9,Manual,I_IUAI,Use of generative AI tools: in the last 3 months,PC_IND,Percentage of individuals,AT,Austria,2025,,19.58,,,,,
dataflow,ESTAT:ISOC_AI_IAIU(1.0),Individuals - use of generative AI tools,A,Annual,ISCO_ICT,ICT professionals,I_IUAI,Use of generative AI tools: in the last 3 months,PC_IND,Percentage of individuals,AT,Austria,2025,,82.01,,,,,
dataflow,ESTAT:ISOC_AI_IAIU(1.0),Individuals - use of generative AI tools,A,Annual,ISCO_ICTX,Non ICT professionals,I_IUAI,Use of generative AI tools: in the last 3 months,PC_IND,Percentage of individuals,AT,Austria,2025,,41.99,,,,,
dataflow,ESTAT:ISOC_AI_IAIU(1.0),Individuals - use of generative AI tools,A,Annual,M_I0_2,Males with low formal education,I_IUAI,Use of generative AI tools: in the last 3 months,PC_IND,Percentage of individuals,AT,Austria,2025,,33.48,,,,,
dataflow,ESTAT:ISOC_AI_IAIU(1.0),Individuals - use of generative AI tools,A,Annual,M_I0_2_75_89,Males 75-89 with no or low education,I_IUAI,Use of generative AI tools: in the last 3 months,PC_IND,Percentage of individuals,BE,Belgium,2025,,4.81,,,,,
dataflow,ESTAT:ISOC_AI_IAIU(1.0),Individuals - use of generative AI tools,A,Annual,M_I3_4,Males with medium formal education,I_IUAI,Use of generative AI tools: in the last 3 months,PC_IND,Percentage of individuals,AT,Austria,2025,,35.39,,,,,
dataflow,ESTAT:ISOC_AI_IAIU(1.0),Individuals - use of generative AI tools,A,Annual,M_I3_4_75_89,Males 75-89 with medium education,I_IUAI,Use of generative AI tools: in the last 3 months,PC_IND,Percentage of individuals,AT,Austria,2025,,1.91,,,,,
dataflow,ESTAT:ISOC_AI_IAIU(1.0),Individuals - use of generative AI tools,A,Annual,M_I5_8,Males with high formal education,I_IUAI,Use of generative AI tools: in the last 3 months,PC_IND,Percentage of individuals,AT,Austria,2025,,54.78,,,,,
dataflow,ESTAT:ISOC_AI_IAIU(1.0),Individuals - use of generative AI tools,A,Annual,M_I5_8_75_89,Males 75-89 with high education,I_IUAI,Use of generative AI tools: in the last 3 months,PC_IND,Percentage of individuals,AT,Austria,2025,,11.82,,,,,
dataflow,ESTAT:ISOC_AI_IAIU(1.0),Individuals - use of generative AI tools,A,Annual,M_Y16_19,"Males, 16 to 19 years old",I_IUAI,Use of generative AI tools: in the last 3 months,PC_IND,Percentage of individuals,AT,Austria,2025,,70.31,,,,,
dataflow,ESTAT:ISOC_AI_IAIU(1.0),Individuals - use of generative AI tools,A,Annual,M_Y16_24,"Males, 16 to 24 years old",I_IUAI,Use of generative AI tools: in the last 3 months,PC_IND,Percentage of individuals,AT,Austria,2025,,68.65,,,,,
dataflow,ESTAT:ISOC_AI_IAIU(1.0),Individuals - use of generative AI tools,A,Annual,M_Y16_29,"Males, 16 to 29 years old",I_IUAI,Use of generative AI tools: in the last 3 months,PC_IND,Percentage of individuals,AT,Austria,2025,,67.53,,,,,
dataflow,ESTAT:ISOC_AI_IAIU(1.0),Individuals - use of generative AI tools,A,Annual,M_Y16_74,"Males, 16 to 74 years old",I_IUAIWP,Use of generative AI tools: for professional (work) purposes,PC_IND,Percentage of individuals,AT,Austria,2025,,23.98,,,,,
dataflow,ESTAT:ISOC_AI_IAIU(1.0),Individuals - use of generative AI tools,A,Annual,M_Y16_74,"Males, 16 to 74 years old",I_IUAIWP,Use of generative AI tools: for professional (work) purposes,PC_IND,Percentage of individuals,BE,Belgium,2025,,22.13,,,,,
dataflow,ESTAT:ISOC_AI_IAIU(1.0),Individuals - use of generative AI tools,A,Annual,M_Y16_74,"Males, 16 to 74 years old",I_IUAIWP,Use of generative AI tools: for professional (work) purposes,PC_IND,Percentage of individuals,BG,Bulgaria,2025,,9.09,,,,,
dataflow,ESTAT:ISOC_AI_IAIU(1.0),Individuals - use of generative AI tools,A,Annual,M_Y16_74,"Males, 16 to 74 years old",I_IUAIWP,Use of generative AI tools: for professional (work) purposes,PC_IND,Percentage of individuals,CZ,Czechia,2025,,15.57,,,,,
dataflow,ESTAT:ISOC_AI_IAIU(1.0),Individuals - use of generative AI tools,A,Annual,M_Y16_74,"Males, 16 to 74 years old",I_IUAIWP,Use of generative AI tools: for professional (work) purposes,PC_IND,Percentage of individuals,DE,Germany,2025,,17.81,,,,,
dataflow,ESTAT:ISOC_AI_IAIU(1.0),Individuals - use of generative AI tools,A,Annual,M_Y16_74,"Males, 16 to 74 years old",I_IUAIWP,Use of generative AI tools: for professional (work) purposes,PC_IND,Percentage of individuals,DK,Denmark,2025,,32.19,,,,,
dataflow,ESTAT:ISOC_AI_IAIU(1.0),Individuals - use of generative AI tools,A,Annual,M_Y16_74,"Males, 16 to 74 years old",I_IUAIWP,Use of generative AI tools: for professional (work) purposes,PC_IND,Percentage of individuals,EE,Estonia,2025,,25.37,,,,,
dataflow,ESTAT:ISOC_AI_IAIU(1.0),Individuals - use of generative AI tools,A,Annual,M_Y16_74,"Males, 16 to 74 years old",I_IUAIWP,Use of generative AI tools: for professional (work) purposes,PC_IND,Percentage of individuals,EL,Greece,2025,,18.19,,,,,
dataflow,ESTAT:ISOC_AI_IAIU(1.0),Individuals - use of generative AI tools,A,Annual,M_Y16_74,"Males, 16 to 74 years old",I_IUAIWP,Use of generative AI tools: for professional (work) purposes,PC_IND,Percentage of individuals,ES,Spain,2025,,18.42,,,,,
dataflow,ESTAT:ISOC_AI_IAIU(1.0),Individuals - use of generative AI tools,A,Annual,M_Y16_74,"Males, 16 to 74 years old",I_IUAIWP,Use of generative AI tools: for professional (work) purposes,PC_IND,Percentage of individuals,FI,Finland,2025,,26.03,,,,,
dataflow,ESTAT:ISOC_AI_IAIU(1.0),Individuals - use of generative AI tools,A,Annual,M_Y16_74,"Males, 16 to 74 years old",I_IUAIWP,Use of generative AI tools: for professional (work) purposes,PC_IND,Percentage of individuals,FR,France,2025,,20.02,,,,,
dataflow,ESTAT:ISOC_AI_IAIU(1.0),Individuals - use of generative AI tools,A,Annual,M_Y16_74,"Males, 16 to 74 years old",I_IUAIWP,Use of generative AI tools: for professional (work) purposes,PC_IND,Percentage of individuals,HR,Croatia,2025,,9.49,,,,,
dataflow,ESTAT:ISOC_AI_IAIU(1.0),Individuals - use of generative AI tools,A,Annual,M_Y16_74,"Males, 16 to 74 years old",I_IUAIWP,Use of generative AI tools: for professional (work) purposes,PC_IND,Percentage of individuals,HU,Hungary,2025,,17.11,,,,,
dataflow,ESTAT:ISOC_AI_IAIU(1.0),Individuals - use of generative AI tools,A,Annual,M_Y16_74,"Males, 16 to 74 years old",I_IUAIWP,Use of generative AI tools: for professional (work) purposes,PC_IND,Percentage of individuals,IE,Ireland,2025,,27.44,,,,,
dataflow,ESTAT:ISOC_AI_IAIU(1.0),Individuals - use of generative AI tools,A,Annual,M_Y16_74,"Males, 16 to 74 years old",I_IUAIWP,Use of generative AI tools: for professional (work) purposes,PC_IND,Percentage of individuals,IT,Italy,2025,,9.03,,,,,
dataflow,ESTAT:ISOC_AI_IAIU(1.0),Individuals - use of generative AI tools,A,Annual,M_Y16_74,"Males, 16 to 74 years old",I_IUAIWP,Use of generative AI tools: for professional (work) purposes,PC_IND,Percentage of individuals,LT,Lithuania,2025,,18.43,,,,,
dataflow,ESTAT:ISOC_AI_IAIU(1.0),Individuals - use of generative AI tools,A,Annual,M_Y16_74,"Males, 16 to 74 years old",I_IUAIWP,Use of generative AI tools: for professional (work) purposes,PC_IND,Percentage of individuals,LU,Luxembourg,2025,,26.71,,,,,
dataflow,ESTAT:ISOC_AI_IAIU(1.0),Individuals - use of generative AI tools,A,Annual,M_Y16_74,"Males, 16 to 74 years old",I_IUAIWP,Use of generative AI tools: for professional (work) purposes,PC_IND,Percentage of individuals,LV,Latvia,2025,,15.94,,,,,
dataflow,ESTAT:ISOC_AI_IAIU(1.0),Individuals - use of generative AI tools,A,Annual,M_Y16_74,"Males, 16 to 74 years old",I_IUAIWP,Use of generative AI tools: for professional (work) purposes,PC_IND,Percentage of individuals,NL,Netherlands,2025,,28.86,,,,,
dataflow,ESTAT:ISOC_AI_IAIU(1.0),Individuals - use of generative AI tools,A,Annual,M_Y16_74,"Males, 16 to 74 years old",I_IUAIWP,Use of generative AI tools: for professional (work) purposes,PC_IND,Percentage of individuals,NO,Norway,2025,,38.95,,,,,
dataflow,ESTAT:ISOC_AI_IAIU(1.0),Individuals - use of generative AI tools,A,Annual,M_Y16_74,"Males, 16 to 74 years old",I_IUAIWP,Use of generative AI tools: for professional (work) purposes,PC_IND,Percentage of individuals,PL,Poland,2025,,9.82,,,,,
dataflow,ESTAT:ISOC_AI_IAIU(1.0),Individuals - use of generative AI tools,A,Annual,M_Y16_74,"Males, 16 to 74 years old",I_IUAIWP,Use of generative AI tools: for professional (work) purposes,PC_IND,Percentage of individuals,PT,Portugal,2025,,19.82,,,,,
dataflow,ESTAT:ISOC_AI_IAIU(1.0),Individuals - use of generative AI tools,A,Annual,M_Y16_74,"Males, 16 to 74 years old",I_IUAIWP,Use of generative AI tools: for professional (work) purposes,PC_IND,Percentage of individuals,RO,Romania,2025,,5.81,,,,,
dataflow,ESTAT:ISOC_AI_IAIU(1.0),Individuals - use of generative AI tools,A,Annual,M_Y16_74,"Males, 16 to 74 years old",I_IUAIWP,Use of generative AI tools: for professional (work) purposes,PC_IND,Percentage of individuals,SE,Sweden,2025,,23.62,,,,,
dataflow,ESTAT:ISOC_AI_IAIU(1.0),Individuals - use of generative AI tools,A,Annual,M_Y16_74,"Males, 16 to 74 years old",I_IUAIWP,Use of generative AI tools: for professional (work) purposes,PC_IND,Percentage of individuals,SI,Slovenia,2025,,14.85,,,,,
dataflow,ESTAT:ISOC_AI_IAIU(1.0),Individuals - use of generative AI tools,A,Annual,M_Y16_74,"Males, 16 to 74 years old",I_IUAIWP,Use of generative AI tools: for professional (work) purposes,PC_IND,Percentage of individuals,SK,Slovakia,2025,,12.36,,,,,
dataflow,ESTAT:ISOC_AI_IAIU(1.0),Individuals - use of generative AI tools,A,Annual,M_Y16_74,"Males, 16 to 74 years old",I_IUAIWP,Use of generative AI tools: for professional (work) purposes,PC_IND,Percentage of individuals,TR,Türkiye,2025,,6.79,,,,,
dataflow,ESTAT:ISOC_AI_IAIU(1.0),Individuals - use of generative AI tools,A,Annual,M_Y20_24,"Males, 20 to 24 years old",I_IUAI,Use of generative AI tools: in the last 3 months,PC_IND,Percentage of individuals,AT,Austria,2025,,67.65,,,,,
dataflow,ESTAT:ISOC_AI_IAIU(1.0),Individuals - use of generative AI tools,A,Annual,M_Y25_29,"Males, 25 to 29 years old",I_IUAI,Use of generative AI tools: in the last 3 months,PC_IND,Percentage of individuals,AT,Austria,2025,,65.83,,,,,
dataflow,ESTAT:ISOC_AI_IAIU(1.0),Individuals - use of generative AI tools,A,Annual,M_Y25_34,"Males, 25 to 34 years old",I_IUAI,Use of generative AI tools: in the last 3 months,PC_IND,Percentage of individuals,AT,Austria,2025,,62.36,,,,,
dataflow,ESTAT:ISOC_AI_IAIU(1.0),Individuals - use of generative AI tools,A,Annual,M_Y25_54,Males 25 to 54 years old,I_IUAI,Use of generative AI tools: in the last 3 months,PC_IND,Percentage of individuals,AT,Austria,2025,,49.17,,,,,
dataflow,ESTAT:ISOC_AI_IAIU(1.0),Individuals - use of generative AI tools,A,Annual,M_Y25_64,"Males, 25 to 64 years old",I_IUAI,Use of generative AI tools: in the last 3 months,PC_IND,Percentage of individuals,AT,Austria,2025,,42.19,,,,,
dataflow,ESTAT:ISOC_AI_IAIU(1.0),Individuals - use of generative AI tools,A,Annual,M_Y35_44,Males 35 to 44 years old,I_IUAI,Use of generative AI tools: in the last 3 months,PC_IND,Percentage of individuals,AT,Austria,2025,,49.44,,,,,
dataflow,ESTAT:ISOC_AI_IAIU(1.0),Individuals - use of generative AI tools,A,Annual,M_Y45_54,Males 45 to 54 years old,I_IUAI,Use of generative AI tools: in the last 3 months,PC_IND,Percentage of individuals,AT,Austria,2025,,35.26,,,,,
dataflow,ESTAT:ISOC_AI_IAIU(1.0),Individuals - use of generative AI tools,A,Annual,M_Y55_64,Males 55 to 64 years old,I_IUAI,Use of generative AI tools: in the last 3 months,PC_IND,Percentage of individuals,AT,Austria,2025,,23.30,,,,,
dataflow,ESTAT:ISOC_AI_IAIU(1.0),Individuals - use of generative AI tools,A,Annual,M_Y55_74,Males 55 to 74 years old,I_IUAI,Use of generative AI tools: in the last 3 months,PC_IND,Percentage of individuals,AT,Austria,2025,,18.93,,,,,
dataflow,ESTAT:ISOC_AI_IAIU(1.0),Individuals - use of generative AI tools,A,Annual,M_Y65_74,Males 65 to 74 years old,I_IUAI,Use of generative AI tools: in the last 3 months,PC_IND,Percentage of individuals,AT,Austria,2025,,12.33,,,,,
dataflow,ESTAT:ISOC_AI_IAIU(1.0),Individuals - use of generative AI tools,A,Annual,M_Y75_89,Males 75-89,I_IUAI,Use of generative AI tools: in the last 3 months,PC_IND,Percentage of individuals,AT,Austria,2025,,5.06,,,,,
dataflow,ESTAT:ISOC_AI_IAIU(1.0),Individuals - use of generative AI tools,A,Annual,RETIR_OTHER,Individuals who are retired or not in the labour force (excluding students),I_IUAI,Use of generative AI tools: in the last 3 months,PC_IND,Percentage of individuals,AT,Austria,2025,,16.54,,,,,
dataflow,ESTAT:ISOC_AI_IAIU(1.0),Individuals - use of generative AI tools,A,Annual,SAL_SELF_FAM,"Employees, self-employed, family workers",I_IUAIWP,Use of generative AI tools: for professional (work) purposes,PC_IND,Percentage of individuals,AT,Austria,2025,,28.81,,,,,
dataflow,ESTAT:ISOC_AI_IAIU(1.0),Individuals - use of generative AI tools,A,Annual,SAL_SELF_FAM,"Employees, self-employed, family workers",I_IUAIWP,Use of generative AI tools: for professional (work) purposes,PC_IND,Percentage of individuals,BE,Belgium,2025,,32.72,,,,,
dataflow,ESTAT:ISOC_AI_IAIU(1.0),Individuals - use of generative AI tools,A,Annual,SAL_SELF_FAM,"Employees, self-employed, family workers",I_IUAIWP,Use of generative AI tools: for professional (work) purposes,PC_IND,Percentage of individuals,BG,Bulgaria,2025,,14.05,,,,,
dataflow,ESTAT:ISOC_AI_IAIU(1.0),Individuals - use of generative AI tools,A,Annual,SAL_SELF_FAM,"Employees, self-employed, family workers",I_IUAIWP,Use of generative AI tools: for professional (work) purposes,PC_IND,Percentage of individuals,CZ,Czechia,2025,,19.62,,,,,
dataflow,ESTAT:ISOC_AI_IAIU(1.0),Individuals - use of generative AI tools,A,Annual,SAL_SELF_FAM,"Employees, self-employed, family workers",I_IUAIWP,Use of generative AI tools: for professional (work) purposes,PC_IND,Percentage of individuals,DE,Germany,2025,,20.77,,,,,
dataflow,ESTAT:ISOC_AI_IAIU(1.0),Individuals - use of generative AI tools,A,Annual,SAL_SELF_FAM,"Employees, self-employed, family workers",I_IUAIWP,Use of generative AI tools: for professional (work) purposes,PC_IND,Percentage of individuals,DK,Denmark,2025,,34.98,,,,,
dataflow,ESTAT:ISOC_AI_IAIU(1.0),Individuals - use of generative AI tools,A,Annual,SAL_SELF_FAM,"Employees, self-employed, family workers",I_IUAIWP,Use of generative AI tools: for professional (work) purposes,PC_IND,Percentage of individuals,EE,Estonia,2025,,33.07,,,,,
dataflow,ESTAT:ISOC_AI_IAIU(1.0),Individuals - use of generative AI tools,A,Annual,SAL_SELF_FAM,"Employees, self-employed, family workers",I_IUAIWP,Use of generative AI tools: for professional (work) purposes,PC_IND,Percentage of individuals,EL,Greece,2025,,28.09,,,,,
dataflow,ESTAT:ISOC_AI_IAIU(1.0),Individuals - use of generative AI tools,A,Annual,SAL_SELF_FAM,"Employees, self-employed, family workers",I_IUAIWP,Use of generative AI tools: for professional (work) purposes,PC_IND,Percentage of individuals,ES,Spain,2025,,26.09,,,,,
dataflow,ESTAT:ISOC_AI_IAIU(1.0),Individuals - use of generative AI tools,A,Annual,SAL_SELF_FAM,"Employees, self-employed, family workers",I_IUAIWP,Use of generative AI tools: for professional (work) purposes,PC_IND,Percentage of individuals,FI,Finland,2025,,36.90,,,,,
dataflow,ESTAT:ISOC_AI_IAIU(1.0),Individuals - use of generative AI tools,A,Annual,SAL_SELF_FAM,"Employees, self-employed, family workers",I_IUAIWP,Use of generative AI tools: for professional (work) purposes,PC_IND,Percentage of individuals,FR,France,2025,,24.63,,,,,
dataflow,ESTAT:ISOC_AI_IAIU(1.0),Individuals - use of generative AI tools,A,Annual,SAL_SELF_FAM,"Employees, self-employed, family workers",I_IUAIWP,Use of generative AI tools: for professional (work) purposes,PC_IND,Percentage of individuals,HR,Croatia,2025,,13.97,,,,,
dataflow,ESTAT:ISOC_AI_IAIU(1.0),Individuals - use of generative AI tools,A,Annual,SAL_SELF_FAM,"Employees, self-employed, family workers",I_IUAIWP,Use of generative AI tools: for professional (work) purposes,PC_IND,Percentage of individuals,HU,Hungary,2025,,18.33,,,,,
dataflow,ESTAT:ISOC_AI_IAIU(1.0),Individuals - use of generative AI tools,A,Annual,SAL_SELF_FAM,"Employees, self-employed, family workers",I_IUAIWP,Use of generative AI tools: for professional (work) purposes,PC_IND,Percentage of individuals,IE,Ireland,2025,,28.57,,,,,
dataflow,ESTAT:ISOC_AI_IAIU(1.0),Individuals - use of generative AI tools,A,Annual,SAL_SELF_FAM,"Employees, self-employed, family workers",I_IUAIWP,Use of generative AI tools: for professional (work) purposes,PC_IND,Percentage of individuals,IT,Italy,2025,,12.50,,,,,
dataflow,ESTAT:ISOC_AI_IAIU(1.0),Individuals - use of generative AI tools,A,Annual,SAL_SELF_FAM,"Employees, self-employed, family workers",I_IUAIWP,Use of generative AI tools: for professional (work) purposes,PC_IND,Percentage of individuals,LT,Lithuania,2025,,27.14,,,,,
dataflow,ESTAT:ISOC_AI_IAIU(1.0),Individuals - use of generative AI tools,A,Annual,SAL_SELF_FAM,"Employees, self-employed, family workers",I_IUAIWP,Use of generative AI tools: for professional (work) purposes,PC_IND,Percentage of individuals,LU,Luxembourg,2025,,34.83,,,,,
dataflow,ESTAT:ISOC_AI_IAIU(1.0),Individuals - use of generative AI tools,A,Annual,SAL_SELF_FAM,"Employees, self-employed, family workers",I_IUAIWP,Use of generative AI tools: for professional (work) purposes,PC_IND,Percentage of individuals,LV,Latvia,2025,,19.94,,,,,
dataflow,ESTAT:ISOC_AI_IAIU(1.0),Individuals - use of generative AI tools,A,Annual,SAL_SELF_FAM,"Employees, self-employed, family workers",I_IUAIWP,Use of generative AI tools: for professional (work) purposes,PC_IND,Percentage of individuals,NL,Netherlands,2025,,37.12,,,,,
dataflow,ESTAT:ISOC_AI_IAIU(1.0),Individuals - use of generative AI tools,A,Annual,SAL_SELF_FAM,"Employees, self-employed, family workers",I_IUAIWP,Use of generative AI tools: for professional (work) purposes,PC_IND,Percentage of individuals,NO,Norway,2025,,43.76,,,,,
dataflow,ESTAT:ISOC_AI_IAIU(1.0),Individuals - use of generative AI tools,A,Annual,SAL_SELF_FAM,"Employees, self-employed, family workers",I_IUAIWP,Use of generative AI tools: for professional (work) purposes,PC_IND,Percentage of individuals,PL,Poland,2025,,13.29,,,,,
dataflow,ESTAT:ISOC_AI_IAIU(1.0),Individuals - use of generative AI tools,A,Annual,SAL_SELF_FAM,"Employees, self-employed, family workers",I_IUAIWP,Use of generative AI tools: for professional (work) purposes,PC_IND,Percentage of individuals,PT,Portugal,2025,,27.64,,,,,
dataflow,ESTAT:ISOC_AI_IAIU(1.0),Individuals - use of generative AI tools,A,Annual,SAL_SELF_FAM,"Employees, self-employed, family workers",I_IUAIWP,Use of generative AI tools: for professional (work) purposes,PC_IND,Percentage of individuals,RO,Romania,2025,,8.59,,,,,
dataflow,ESTAT:ISOC_AI_IAIU(1.0),Individuals - use of generative AI tools,A,Annual,SAL_SELF_FAM,"Employees, self-employed, family workers",I_IUAIWP,Use of generative AI tools: for professional (work) purposes,PC_IND,Percentage of individuals,SE,Sweden,2025,,29.90,,,,,
dataflow,ESTAT:ISOC_AI_IAIU(1.0),Individuals - use of generative AI tools,A,Annual,SAL_SELF_FAM,"Employees, self-employed, family workers",I_IUAIWP,Use of generative AI tools: for professional (work) purposes,PC_IND,Percentage of individuals,SI,Slovenia,2025,,22.94,,,,,
dataflow,ESTAT:ISOC_AI_IAIU(1.0),Individuals - use of generative AI tools,A,Annual,SAL_SELF_FAM,"Employees, self-employed, family workers",I_IUAIWP,Use of generative AI tools: for professional (work) purposes,PC_IND,Percentage of individuals,SK,Slovakia,2025,,16.00,,,,,
dataflow,ESTAT:ISOC_AI_IAIU(1.0),Individuals - use of generative AI tools,A,Annual,SAL_SELF_FAM,"Employees, self-employed, family workers",I_IUAIWP,Use of generative AI tools: for professional (work) purposes,PC_IND,Percentage of individuals,TR,Türkiye,2025,,10.53,,,,,
dataflow,ESTAT:ISOC_AI_IAIU(1.0),Individuals - use of generative AI tools,A,Annual,STUD,Students,I_IUAI,Use of generative AI tools: in the last 3 months,PC_IND,Percentage of individuals,AT,Austria,2025,,85.77,,,,,
dataflow,ESTAT:ISOC_AI_IAIU(1.0),Individuals - use of generative AI tools,A,Annual,UNE,Unemployed,I_IUAI,Use of generative AI tools: in the last 3 months,PC_IND,Percentage of individuals,AT,Austria,2025,,42.52,,,,,
dataflow,ESTAT:ISOC_AI_IAIU(1.0),Individuals - use of generative AI tools,A,Annual,Y0_15,"Individuals, 15 years old or less",I_IUAI,Use of generative AI tools: in the last 3 months,PC_IND,Percentage of individuals,FR,France,2025,,65.21,,,,,
dataflow,ESTAT:ISOC_AI_IAIU(1.0),Individuals - use of generative AI tools,A,Annual,Y16_17,"Individuals, 16 to 17 years old",I_IUAI,Use of generative AI tools: in the last 3 months,PC_IND,Percentage of individuals,BG,Bulgaria,2025,,59.20,,,,,
dataflow,ESTAT:ISOC_AI_IAIU(1.0),Individuals - use of generative AI tools,A,Annual,Y16_19,"Individuals, 16 to 19 years old",I_IUAI,Use of generative AI tools: in the last 3 months,PC_IND,Percentage of individuals,AT,Austria,2025,,76.26,,,,,
dataflow,ESTAT:ISOC_AI_IAIU(1.0),Individuals - use of generative AI tools,A,Annual,Y16_24,"Individuals, 16 to 24 years old",I_IUAIWP,Use of generative AI tools: for professional (work) purposes,PC_IND,Percentage of individuals,AT,Austria,2025,,25.69,,,,,
dataflow,ESTAT:ISOC_AI_IAIU(1.0),Individuals - use of generative AI tools,A,Annual,Y16_24,"Individuals, 16 to 24 years old",I_IUAIWP,Use of generative AI tools: for professional (work) purposes,PC_IND,Percentage of individuals,BE,Belgium,2025,,17.88,,,,,
dataflow,ESTAT:ISOC_AI_IAIU(1.0),Individuals - use of generative AI tools,A,Annual,Y16_24,"Individuals, 16 to 24 years old",I_IUAIWP,Use of generative AI tools: for professional (work) purposes,PC_IND,Percentage of individuals,BG,Bulgaria,2025,,4.26,,,,,
dataflow,ESTAT:ISOC_AI_IAIU(1.0),Individuals - use of generative AI tools,A,Annual,Y16_24,"Individuals, 16 to 24 years old",I_IUAIWP,Use of generative AI tools: for professional (work) purposes,PC_IND,Percentage of individuals,CZ,Czechia,2025,,8.08,,,,,
dataflow,ESTAT:ISOC_AI_IAIU(1.0),Individuals - use of generative AI tools,A,Annual,Y16_24,"Individuals, 16 to 24 years old",I_IUAIWP,Use of generative AI tools: for professional (work) purposes,PC_IND,Percentage of individuals,DE,Germany,2025,,20.48,,,,,
dataflow,ESTAT:ISOC_AI_IAIU(1.0),Individuals - use of generative AI tools,A,Annual,Y16_24,"Individuals, 16 to 24 years old",I_IUAIWP,Use of generative AI tools: for professional (work) purposes,PC_IND,Percentage of individuals,DK,Denmark,2025,,22.33,,,,,
dataflow,ESTAT:ISOC_AI_IAIU(1.0),Individuals - use of generative AI tools,A,Annual,Y16_24,"Individuals, 16 to 24 years old",I_IUAIWP,Use of generative AI tools: for professional (work) purposes,PC_IND,Percentage of individuals,EE,Estonia,2025,,24.98,,,,,
dataflow,ESTAT:ISOC_AI_IAIU(1.0),Individuals - use of generative AI tools,A,Annual,Y16_24,"Individuals, 16 to 24 years old",I_IUAIWP,Use of generative AI tools: for professional (work) purposes,PC_IND,Percentage of individuals,EL,Greece,2025,,8.62,,,,,
dataflow,ESTAT:ISOC_AI_IAIU(1.0),Individuals - use of generative AI tools,A,Annual,Y16_24,"Individuals, 16 to 24 years old",I_IUAIWP,Use of generative AI tools: for professional (work) purposes,PC_IND,Percentage of individuals,ES,Spain,2025,,20.90,,,,,
dataflow,ESTAT:ISOC_AI_IAIU(1.0),Individuals - use of generative AI tools,A,Annual,Y16_24,"Individuals, 16 to 24 years old",I_IUAIWP,Use of generative AI tools: for professional (work) purposes,PC_IND,Percentage of individuals,FI,Finland,2025,,14.60,,,,,
dataflow,ESTAT:ISOC_AI_IAIU(1.0),Individuals - use of generative AI tools,A,Annual,Y16_24,"Individuals, 16 to 24 years old",I_IUAIWP,Use of generative AI tools: for professional (work) purposes,PC_IND,Percentage of individuals,FR,France,2025,,23.89,,,,,
dataflow,ESTAT:ISOC_AI_IAIU(1.0),Individuals - use of generative AI tools,A,Annual,Y16_24,"Individuals, 16 to 24 years old",I_IUAIWP,Use of generative AI tools: for professional (work) purposes,PC_IND,Percentage of individuals,HR,Croatia,2025,,8.54,,,,,
dataflow,ESTAT:ISOC_AI_IAIU(1.0),Individuals - use of generative AI tools,A,Annual,Y16_24,"Individuals, 16 to 24 years old",I_IUAIWP,Use of generative AI tools: for professional (work) purposes,PC_IND,Percentage of individuals,HU,Hungary,2025,,26.16,,,,,
dataflow,ESTAT:ISOC_AI_IAIU(1.0),Individuals - use of generative AI tools,A,Annual,Y16_24,"Individuals, 16 to 24 years old",I_IUAIWP,Use of generative AI tools: for professional (work) purposes,PC_IND,Percentage of individuals,IE,Ireland,2025,,14.35,,,,,
dataflow,ESTAT:ISOC_AI_IAIU(1.0),Individuals - use of generative AI tools,A,Annual,Y16_24,"Individuals, 16 to 24 years old",I_IUAIWP,Use of generative AI tools: for professional (work) purposes,PC_IND,Percentage of individuals,IT,Italy,2025,,6.98,,,,,
dataflow,ESTAT:ISOC_AI_IAIU(1.0),Individuals - use of generative AI tools,A,Annual,Y16_24,"Individuals, 16 to 24 years old",I_IUAIWP,Use of generative AI tools: for professional (work) purposes,PC_IND,Percentage of individuals,LT,Lithuania,2025,,18.41,,,,,
dataflow,ESTAT:ISOC_AI_IAIU(1.0),Individuals - use of generative AI tools,A,Annual,Y16_24,"Individuals, 16 to 24 years old",I_IUAIWP,Use of generative AI tools: for professional (work) purposes,PC_IND,Percentage of individuals,LU,Luxembourg,2025,,13.52,,,,,
dataflow,ESTAT:ISOC_AI_IAIU(1.0),Individuals - use of generative AI tools,A,Annual,Y16_24,"Individuals, 16 to 24 years old",I_IUAIWP,Use of generative AI tools: for professional (work) purposes,PC_IND,Percentage of individuals,LV,Latvia,2025,,14.19,,,,,
dataflow,ESTAT:ISOC_AI_IAIU(1.0),Individuals - use of generative AI tools,A,Annual,Y16_24,"Individuals, 16 to 24 years old",I_IUAIWP,Use of generative AI tools: for professional (work) purposes,PC_IND,Percentage of individuals,NL,Netherlands,2025,,19.13,,,,,
dataflow,ESTAT:ISOC_AI_IAIU(1.0),Individuals - use of generative AI tools,A,Annual,Y16_24,"Individuals, 16 to 24 years old",I_IUAIWP,Use of generative AI tools: for professional (work) purposes,PC_IND,Percentage of individuals,NO,Norway,2025,,30.41,,,,,
dataflow,ESTAT:ISOC_AI_IAIU(1.0),Individuals - use of generative AI tools,A,Annual,Y16_24,"Individuals, 16 to 24 years old",I_IUAIWP,Use of generative AI tools: for professional (work) purposes,PC_IND,Percentage of individuals,PL,Poland,2025,,4.41,,,,,
dataflow,ESTAT:ISOC_AI_IAIU(1.0),Individuals - use of generative AI tools,A,Annual,Y16_24,"Individuals, 16 to 24 years old",I_IUAIWP,Use of generative AI tools: for professional (work) purposes,PC_IND,Percentage of individuals,PT,Portugal,2025,,22.56,,,,,
dataflow,ESTAT:ISOC_AI_IAIU(1.0),Individuals - use of generative AI tools,A,Annual,Y16_24,"Individuals, 16 to 24 years old",I_IUAIWP,Use of generative AI tools: for professional (work) purposes,PC_IND,Percentage of individuals,RO,Romania,2025,,4.03,,,,,
dataflow,ESTAT:ISOC_AI_IAIU(1.0),Individuals - use of generative AI tools,A,Annual,Y16_24,"Individuals, 16 to 24 years old",I_IUAIWP,Use of generative AI tools: for professional (work) purposes,PC_IND,Percentage of individuals,SE,Sweden,2025,,11.19,,,,,
dataflow,ESTAT:ISOC_AI_IAIU(1.0),Individuals - use of generative AI tools,A,Annual,Y16_24,"Individuals, 16 to 24 years old",I_IUAIWP,Use of generative AI tools: for professional (work) purposes,PC_IND,Percentage of individuals,SI,Slovenia,2025,,9.05,,,,,
dataflow,ESTAT:ISOC_AI_IAIU(1.0),Individuals - use of generative AI tools,A,Annual,Y16_24,"Individuals, 16 to 24 years old",I_IUAIWP,Use of generative AI tools: for professional (work) purposes,PC_IND,Percentage of individuals,SK,Slovakia,2025,,10.96,,,,,
dataflow,ESTAT:ISOC_AI_IAIU(1.0),Individuals - use of generative AI tools,A,Annual,Y16_24,"Individuals, 16 to 24 years old",I_IUAIWP,Use of generative AI tools: for professional (work) purposes,PC_IND,Percentage of individuals,TR,Türkiye,2025,,7.57,,,,,
dataflow,ESTAT:ISOC_AI_IAIU(1.0),Individuals - use of generative AI tools,A,Annual,Y16_24HI,Individuals aged 16-24 with high formal education,I_IUAI,Use of generative AI tools: in the last 3 months,PC_IND,Percentage of individuals,AT,Austria,2025,,82.82,,,,,
dataflow,ESTAT:ISOC_AI_IAIU(1.0),Individuals - use of generative AI tools,A,Annual,Y16_24LO,Individuals aged 16-24 with low education,I_IUAI,Use of generative AI tools: in the last 3 months,PC_IND,Percentage of individuals,AT,Austria,2025,,67.44,,,,,
dataflow,ESTAT:ISOC_AI_IAIU(1.0),Individuals - use of generative AI tools,A,Annual,Y16_24ME,Individuals aged 16-24 with medium formal education,I_IUAI,Use of generative AI tools: in the last 3 months,PC_IND,Percentage of individuals,AT,Austria,2025,,73.52,,,,,
dataflow,ESTAT:ISOC_AI_IAIU(1.0),Individuals - use of generative AI tools,A,Annual,Y16_29,"Individuals, 16 to 29 years old",I_IUAI,Use of generative AI tools: in the last 3 months,PC_IND,Percentage of individuals,AT,Austria,2025,,70.42,,,,,
dataflow,ESTAT:ISOC_AI_IAIU(1.0),Individuals - use of generative AI tools,A,Annual,Y16_29HI,Individuals aged 16-29 with high formal education,I_IUAI,Use of generative AI tools: in the last 3 months,PC_IND,Percentage of individuals,AT,Austria,2025,,79.17,,,,,
dataflow,ESTAT:ISOC_AI_IAIU(1.0),Individuals - use of generative AI tools,A,Annual,Y16_29LO,Individuals aged 16-29 with low formal education,I_IUAI,Use of generative AI tools: in the last 3 months,PC_IND,Percentage of individuals,AT,Austria,2025,,62.62,,,,,
dataflow,ESTAT:ISOC_AI_IAIU(1.0),Individuals - use of generative AI tools,A,Annual,Y16_29ME,Individuals aged 16-29 with medium formal education,I_IUAI,Use of generative AI tools: in the last 3 months,PC_IND,Percentage of individuals,AT,Austria,2025,,70.13,,,,,
dataflow,ESTAT:ISOC_AI_IAIU(1.0),Individuals - use of generative AI tools,A,Annual,Y20_24,"Individuals, 20 to 24 years old",I_IUAI,Use of generative AI tools: in the last 3 months,PC_IND,Percentage of individuals,AT,Austria,2025,,71.37,,,,,
dataflow,ESTAT:ISOC_AI_IAIU(1.0),Individuals - use of generative AI tools,A,Annual,Y25_29,"Individuals, 25 to 29 years old",I_IUAI,Use of generative AI tools: in the last 3 months,PC_IND,Percentage of individuals,AT,Austria,2025,,65.98,,,,,
dataflow,ESTAT:ISOC_AI_IAIU(1.0),Individuals - use of generative AI tools,A,Annual,Y25_34,"Individuals, 25 to 34 years old",I_IUAIWP,Use of generative AI tools: for professional (work) purposes,PC_IND,Percentage of individuals,AT,Austria,2025,,32.67,,,,,
dataflow,ESTAT:ISOC_AI_IAIU(1.0),Individuals - use of generative AI tools,A,Annual,Y25_34,"Individuals, 25 to 34 years old",I_IUAIWP,Use of generative AI tools: for professional (work) purposes,PC_IND,Percentage of individuals,BE,Belgium,2025,,36.06,,,,,
dataflow,ESTAT:ISOC_AI_IAIU(1.0),Individuals - use of generative AI tools,A,Annual,Y25_34,"Individuals, 25 to 34 years old",I_IUAIWP,Use of generative AI tools: for professional (work) purposes,PC_IND,Percentage of individuals,BG,Bulgaria,2025,,15.42,,,,,
dataflow,ESTAT:ISOC_AI_IAIU(1.0),Individuals - use of generative AI tools,A,Annual,Y25_34,"Individuals, 25 to 34 years old",I_IUAIWP,Use of generative AI tools: for professional (work) purposes,PC_IND,Percentage of individuals,CZ,Czechia,2025,,21.88,,,,,
dataflow,ESTAT:ISOC_AI_IAIU(1.0),Individuals - use of generative AI tools,A,Annual,Y25_34,"Individuals, 25 to 34 years old",I_IUAIWP,Use of generative AI tools: for professional (work) purposes,PC_IND,Percentage of individuals,DE,Germany,2025,,28.03,,,,,
dataflow,ESTAT:ISOC_AI_IAIU(1.0),Individuals - use of generative AI tools,A,Annual,Y25_34,"Individuals, 25 to 34 years old",I_IUAIWP,Use of generative AI tools: for professional (work) purposes,PC_IND,Percentage of individuals,DK,Denmark,2025,,39.02,,,,,
dataflow,ESTAT:ISOC_AI_IAIU(1.0),Individuals - use of generative AI tools,A,Annual,Y25_34,"Individuals, 25 to 34 years old",I_IUAIWP,Use of generative AI tools: for professional (work) purposes,PC_IND,Percentage of individuals,EE,Estonia,2025,,44.01,,,,,
dataflow,ESTAT:ISOC_AI_IAIU(1.0),Individuals - use of generative AI tools,A,Annual,Y25_34,"Individuals, 25 to 34 years old",I_IUAIWP,Use of generative AI tools: for professional (work) purposes,PC_IND,Percentage of individuals,EL,Greece,2025,,35.88,,,,,
dataflow,ESTAT:ISOC_AI_IAIU(1.0),Individuals - use of generative AI tools,A,Annual,Y25_34,"Individuals, 25 to 34 years old",I_IUAIWP,Use of generative AI tools: for professional (work) purposes,PC_IND,Percentage of individuals,ES,Spain,2025,,30.81,,,,,
dataflow,ESTAT:ISOC_AI_IAIU(1.0),Individuals - use of generative AI tools,A,Annual,Y25_34,"Individuals, 25 to 34 years old",I_IUAIWP,Use of generative AI tools: for professional (work) purposes,PC_IND,Percentage of individuals,FI,Finland,2025,,36.32,,,,,
dataflow,ESTAT:ISOC_AI_IAIU(1.0),Individuals - use of generative AI tools,A,Annual,Y25_34,"Individuals, 25 to 34 years old",I_IUAIWP,Use of generative AI tools: for professional (work) purposes,PC_IND,Percentage of individuals,FR,France,2025,,34.93,,,,,
dataflow,ESTAT:ISOC_AI_IAIU(1.0),Individuals - use of generative AI tools,A,Annual,Y25_34,"Individuals, 25 to 34 years old",I_IUAIWP,Use of generative AI tools: for professional (work) purposes,PC_IND,Percentage of individuals,HR,Croatia,2025,,21.87,,,,,
dataflow,ESTAT:ISOC_AI_IAIU(1.0),Individuals - use of generative AI tools,A,Annual,Y25_34,"Individuals, 25 to 34 years old",I_IUAIWP,Use of generative AI tools: for professional (work) purposes,PC_IND,Percentage of individuals,HU,Hungary,2025,,23.15,,,,,
dataflow,ESTAT:ISOC_AI_IAIU(1.0),Individuals - use of generative AI tools,A,Annual,Y25_34,"Individuals, 25 to 34 years old",I_IUAIWP,Use of generative AI tools: for professional (work) purposes,PC_IND,Percentage of individuals,IE,Ireland,2025,,34.27,,,,,
dataflow,ESTAT:ISOC_AI_IAIU(1.0),Individuals - use of generative AI tools,A,Annual,Y25_34,"Individuals, 25 to 34 years old",I_IUAIWP,Use of generative AI tools: for professional (work) purposes,PC_IND,Percentage of individuals,IT,Italy,2025,,14.80,,,,,
dataflow,ESTAT:ISOC_AI_IAIU(1.0),Individuals - use of generative AI tools,A,Annual,Y25_34,"Individuals, 25 to 34 years old",I_IUAIWP,Use of generative AI tools: for professional (work) purposes,PC_IND,Percentage of individuals,LT,Lithuania,2025,,38.25,,,,,
dataflow,ESTAT:ISOC_AI_IAIU(1.0),Individuals - use of generative AI tools,A,Annual,Y25_34,"Individuals, 25 to 34 years old",I_IUAIWP,Use of generative AI tools: for professional (work) purposes,PC_IND,Percentage of individuals,LU,Luxembourg,2025,,45.47,,,,,
dataflow,ESTAT:ISOC_AI_IAIU(1.0),Individuals - use of generative AI tools,A,Annual,Y25_34,"Individuals, 25 to 34 years old",I_IUAIWP,Use of generative AI tools: for professional (work) purposes,PC_IND,Percentage of individuals,LV,Latvia,2025,,29.84,,,,,
dataflow,ESTAT:ISOC_AI_IAIU(1.0),Individuals - use of generative AI tools,A,Annual,Y25_34,"Individuals, 25 to 34 years old",I_IUAIWP,Use of generative AI tools: for professional (work) purposes,PC_IND,Percentage of individuals,NL,Netherlands,2025,,42.71,,,,,
dataflow,ESTAT:ISOC_AI_IAIU(1.0),Individuals - use of generative AI tools,A,Annual,Y25_34,"Individuals, 25 to 34 years old",I_IUAIWP,Use of generative AI tools: for professional (work) purposes,PC_IND,Percentage of individuals,NO,Norway,2025,,49.92,,,,,
dataflow,ESTAT:ISOC_AI_IAIU(1.0),Individuals - use of generative AI tools,A,Annual,Y25_34,"Individuals, 25 to 34 years old",I_IUAIWP,Use of generative AI tools: for professional (work) purposes,PC_IND,Percentage of individuals,PL,Poland,2025,,18.02,,,,,
dataflow,ESTAT:ISOC_AI_IAIU(1.0),Individuals - use of generative AI tools,A,Annual,Y25_34,"Individuals, 25 to 34 years old",I_IUAIWP,Use of generative AI tools: for professional (work) purposes,PC_IND,Percentage of individuals,PT,Portugal,2025,,37.57,,,,,
dataflow,ESTAT:ISOC_AI_IAIU(1.0),Individuals - use of generative AI tools,A,Annual,Y25_34,"Individuals, 25 to 34 years old",I_IUAIWP,Use of generative AI tools: for professional (work) purposes,PC_IND,Percentage of individuals,RO,Romania,2025,,11.06,,,,,
dataflow,ESTAT:ISOC_AI_IAIU(1.0),Individuals - use of generative AI tools,A,Annual,Y25_34,"Individuals, 25 to 34 years old",I_IUAIWP,Use of generative AI tools: for professional (work) purposes,PC_IND,Percentage of individuals,SE,Sweden,2025,,32.12,,,,,
dataflow,ESTAT:ISOC_AI_IAIU(1.0),Individuals - use of generative AI tools,A,Annual,Y25_34,"Individuals, 25 to 34 years old",I_IUAIWP,Use of generative AI tools: for professional (work) purposes,PC_IND,Percentage of individuals,SI,Slovenia,2025,,27.30,,,,,
dataflow,ESTAT:ISOC_AI_IAIU(1.0),Individuals - use of generative AI tools,A,Annual,Y25_34,"Individuals, 25 to 34 years old",I_IUAIWP,Use of generative AI tools: for professional (work) purposes,PC_IND,Percentage of individuals,SK,Slovakia,2025,,18.58,,,,,
dataflow,ESTAT:ISOC_AI_IAIU(1.0),Individuals - use of generative AI tools,A,Annual,Y25_34,"Individuals, 25 to 34 years old",I_IUAIWP,Use of generative AI tools: for professional (work) purposes,PC_IND,Percentage of individuals,TR,Türkiye,2025,,12.99,,,,,
dataflow,ESTAT:ISOC_AI_IAIU(1.0),Individuals - use of generative AI tools,A,Annual,Y25_54,"Individuals, 25 to 54 years old",I_IUAI,Use of generative AI tools: in the last 3 months,PC_IND,Percentage of individuals,AT,Austria,2025,,47.33,,,,,
dataflow,ESTAT:ISOC_AI_IAIU(1.0),Individuals - use of generative AI tools,A,Annual,Y25_54HI,Individuals aged 25 to 54 with high formal education,I_IUAI,Use of generative AI tools: in the last 3 months,PC_IND,Percentage of individuals,AT,Austria,2025,,62.72,,,,,
dataflow,ESTAT:ISOC_AI_IAIU(1.0),Individuals - use of generative AI tools,A,Annual,Y25_54LO,Individuals aged 25 to 54 with low formal education,I_IUAI,Use of generative AI tools: in the last 3 months,PC_IND,Percentage of individuals,AT,Austria,2025,,23.57,,,,,
dataflow,ESTAT:ISOC_AI_IAIU(1.0),Individuals - use of generative AI tools,A,Annual,Y25_54ME,Individuals aged 25 to 54 with medium formal education,I_IUAI,Use of generative AI tools: in the last 3 months,PC_IND,Percentage of individuals,AT,Austria,2025,,40.78,,,,,
dataflow,ESTAT:ISOC_AI_IAIU(1.0),Individuals - use of generative AI tools,A,Annual,Y25_64,"Individuals, 25 to 64 years old",I_IUAI,Use of generative AI tools: in the last 3 months,PC_IND,Percentage of individuals,AT,Austria,2025,,39.69,,,,,
dataflow,ESTAT:ISOC_AI_IAIU(1.0),Individuals - use of generative AI tools,A,Annual,Y25_64HI,Individuals aged 25 to 64 with high formal education,I_IUAI,Use of generative AI tools: in the last 3 months,PC_IND,Percentage of individuals,AT,Austria,2025,,55.92,,,,,
dataflow,ESTAT:ISOC_AI_IAIU(1.0),Individuals - use of generative AI tools,A,Annual,Y25_64LO,Individuals aged 25 to 64 with low formal education,I_IUAI,Use of generative AI tools: in the last 3 months,PC_IND,Percentage of individuals,AT,Austria,2025,,17.64,,,,,
dataflow,ESTAT:ISOC_AI_IAIU(1.0),Individuals - use of generative AI tools,A,Annual,Y25_64ME,Individuals aged 25 to 64 with medium formal education,I_IUAI,Use of generative AI tools: in the last 3 months,PC_IND,Percentage of individuals,AT,Austria,2025,,33.46,,,,,
dataflow,ESTAT:ISOC_AI_IAIU(1.0),Individuals - use of generative AI tools,A,Annual,Y25_64_EMPL_UNE,Individuals aged 25 to 64 who are in the labour force (employed and unemployed),I_IUAI,Use of generative AI tools: in the last 3 months,PC_IND,Percentage of individuals,AT,Austria,2025,,42.44,,,,,
dataflow,ESTAT:ISOC_AI_IAIU(1.0),Individuals - use of generative AI tools,A,Annual,Y25_64_RETIROTH,Individuals aged 25 to 64 who are retired or not in the labour force (excluding students),I_IUAI,Use of generative AI tools: in the last 3 months,PC_IND,Percentage of individuals,AT,Austria,2025,,22.57,,,,,
dataflow,ESTAT:ISOC_AI_IAIU(1.0),Individuals - use of generative AI tools,A,Annual,Y25_64_SALSELFFAM,"Individuals aged 25 to 64 who are employees, self-employed or family workers",I_IUAI,Use of generative AI tools: in the last 3 months,PC_IND,Percentage of individuals,AT,Austria,2025,,42.93,,,,,
dataflow,ESTAT:ISOC_AI_IAIU(1.0),Individuals - use of generative AI tools,A,Annual,Y25_64_UNE,Individuals aged 25 to 64 who are unemployed,I_IUAI,Use of generative AI tools: in the last 3 months,PC_IND,Percentage of individuals,AT,Austria,2025,,37.11,,,,,
dataflow,ESTAT:ISOC_AI_IAIU(1.0),Individuals - use of generative AI tools,A,Annual,Y35_44,"Individuals, 35 to 44 years old",I_IUAIWP,Use of generative AI tools: for professional (work) purposes,PC_IND,Percentage of individuals,AT,Austria,2025,,29.49,,,,,
dataflow,ESTAT:ISOC_AI_IAIU(1.0),Individuals - use of generative AI tools,A,Annual,Y35_44,"Individuals, 35 to 44 years old",I_IUAIWP,Use of generative AI tools: for professional (work) purposes,PC_IND,Percentage of individuals,BE,Belgium,2025,,30.59,,,,,
dataflow,ESTAT:ISOC_AI_IAIU(1.0),Individuals - use of generative AI tools,A,Annual,Y35_44,"Individuals, 35 to 44 years old",I_IUAIWP,Use of generative AI tools: for professional (work) purposes,PC_IND,Percentage of individuals,BG,Bulgaria,2025,,15.18,,,,,
dataflow,ESTAT:ISOC_AI_IAIU(1.0),Individuals - use of generative AI tools,A,Annual,Y35_44,"Individuals, 35 to 44 years old",I_IUAIWP,Use of generative AI tools: for professional (work) purposes,PC_IND,Percentage of individuals,CZ,Czechia,2025,,23.45,,,,,
dataflow,ESTAT:ISOC_AI_IAIU(1.0),Individuals - use of generative AI tools,A,Annual,Y35_44,"Individuals, 35 to 44 years old",I_IUAIWP,Use of generative AI tools: for professional (work) purposes,PC_IND,Percentage of individuals,DE,Germany,2025,,22.95,,,,,
dataflow,ESTAT:ISOC_AI_IAIU(1.0),Individuals - use of generative AI tools,A,Annual,Y35_44,"Individuals, 35 to 44 years old",I_IUAIWP,Use of generative AI tools: for professional (work) purposes,PC_IND,Percentage of individuals,DK,Denmark,2025,,38.33,,,,,
dataflow,ESTAT:ISOC_AI_IAIU(1.0),Individuals - use of generative AI tools,A,Annual,Y35_44,"Individuals, 35 to 44 years old",I_IUAIWP,Use of generative AI tools: for professional (work) purposes,PC_IND,Percentage of individuals,EE,Estonia,2025,,35.95,,,,,
dataflow,ESTAT:ISOC_AI_IAIU(1.0),Individuals - use of generative AI tools,A,Annual,Y35_44,"Individuals, 35 to 44 years old",I_IUAIWP,Use of generative AI tools: for professional (work) purposes,PC_IND,Percentage of individuals,EL,Greece,2025,,19.42,,,,,
dataflow,ESTAT:ISOC_AI_IAIU(1.0),Individuals - use of generative AI tools,A,Annual,Y35_44,"Individuals, 35 to 44 years old",I_IUAIWP,Use of generative AI tools: for professional (work) purposes,PC_IND,Percentage of individuals,ES,Spain,2025,,23.99,,,,,
dataflow,ESTAT:ISOC_AI_IAIU(1.0),Individuals - use of generative AI tools,A,Annual,Y35_44,"Individuals, 35 to 44 years old",I_IUAIWP,Use of generative AI tools: for professional (work) purposes,PC_IND,Percentage of individuals,FI,Finland,2025,,37.07,,,,,
dataflow,ESTAT:ISOC_AI_IAIU(1.0),Individuals - use of generative AI tools,A,Annual,Y35_44,"Individuals, 35 to 44 years old",I_IUAIWP,Use of generative AI tools: for professional (work) purposes,PC_IND,Percentage of individuals,FR,France,2025,,24.23,,,,,
dataflow,ESTAT:ISOC_AI_IAIU(1.0),Individuals - use of generative AI tools,A,Annual,Y35_44,"Individuals, 35 to 44 years old",I_IUAIWP,Use of generative AI tools: for professional (work) purposes,PC_IND,Percentage of individuals,HR,Croatia,2025,,14.03,,,,,
dataflow,ESTAT:ISOC_AI_IAIU(1.0),Individuals - use of generative AI tools,A,Annual,Y35_44,"Individuals, 35 to 44 years old",I_IUAIWP,Use of generative AI tools: for professional (work) purposes,PC_IND,Percentage of individuals,HU,Hungary,2025,,19.15,,,,,
dataflow,ESTAT:ISOC_AI_IAIU(1.0),Individuals - use of generative AI tools,A,Annual,Y35_44,"Individuals, 35 to 44 years old",I_IUAIWP,Use of generative AI tools: for professional (work) purposes,PC_IND,Percentage of individuals,IE,Ireland,2025,,30.53,,,,,
dataflow,ESTAT:ISOC_AI_IAIU(1.0),Individuals - use of generative AI tools,A,Annual,Y35_44,"Individuals, 35 to 44 years old",I_IUAIWP,Use of generative AI tools: for professional (work) purposes,PC_IND,Percentage of individuals,IT,Italy,2025,,12.11,,,,,
dataflow,ESTAT:ISOC_AI_IAIU(1.0),Individuals - use of generative AI tools,A,Annual,Y35_44,"Individuals, 35 to 44 years old",I_IUAIWP,Use of generative AI tools: for professional (work) purposes,PC_IND,Percentage of individuals,LT,Lithuania,2025,,29.92,,,,,
dataflow,ESTAT:ISOC_AI_IAIU(1.0),Individuals - use of generative AI tools,A,Annual,Y35_44,"Individuals, 35 to 44 years old",I_IUAIWP,Use of generative AI tools: for professional (work) purposes,PC_IND,Percentage of individuals,LU,Luxembourg,2025,,34.28,,,,,
dataflow,ESTAT:ISOC_AI_IAIU(1.0),Individuals - use of generative AI tools,A,Annual,Y35_44,"Individuals, 35 to 44 years old",I_IUAIWP,Use of generative AI tools: for professional (work) purposes,PC_IND,Percentage of individuals,LV,Latvia,2025,,23.67,,,,,
dataflow,ESTAT:ISOC_AI_IAIU(1.0),Individuals - use of generative AI tools,A,Annual,Y35_44,"Individuals, 35 to 44 years old",I_IUAIWP,Use of generative AI tools: for professional (work) purposes,PC_IND,Percentage of individuals,NL,Netherlands,2025,,39.41,,,,,
dataflow,ESTAT:ISOC_AI_IAIU(1.0),Individuals - use of generative AI tools,A,Annual,Y35_44,"Individuals, 35 to 44 years old",I_IUAIWP,Use of generative AI tools: for professional (work) purposes,PC_IND,Percentage of individuals,NO,Norway,2025,,47.72,,,,,
dataflow,ESTAT:ISOC_AI_IAIU(1.0),Individuals - use of generative AI tools,A,Annual,Y35_44,"Individuals, 35 to 44 years old",I_IUAIWP,Use of generative AI tools: for professional (work) purposes,PC_IND,Percentage of individuals,PL,Poland,2025,,14.58,,,,,
dataflow,ESTAT:ISOC_AI_IAIU(1.0),Individuals - use of generative AI tools,A,Annual,Y35_44,"Individuals, 35 to 44 years old",I_IUAIWP,Use of generative AI tools: for professional (work) purposes,PC_IND,Percentage of individuals,PT,Portugal,2025,,30.22,,,,,
dataflow,ESTAT:ISOC_AI_IAIU(1.0),Individuals - use of generative AI tools,A,Annual,Y35_44,"Individuals, 35 to 44 years old",I_IUAIWP,Use of generative AI tools: for professional (work) purposes,PC_IND,Percentage of individuals,RO,Romania,2025,,8.11,,,,,
dataflow,ESTAT:ISOC_AI_IAIU(1.0),Individuals - use of generative AI tools,A,Annual,Y35_44,"Individuals, 35 to 44 years old",I_IUAIWP,Use of generative AI tools: for professional (work) purposes,PC_IND,Percentage of individuals,SE,Sweden,2025,,30.77,,,,,
dataflow,ESTAT:ISOC_AI_IAIU(1.0),Individuals - use of generative AI tools,A,Annual,Y35_44,"Individuals, 35 to 44 years old",I_IUAIWP,Use of generative AI tools: for professional (work) purposes,PC_IND,Percentage of individuals,SI,Slovenia,2025,,26.61,,,,,
dataflow,ESTAT:ISOC_AI_IAIU(1.0),Individuals - use of generative AI tools,A,Annual,Y35_44,"Individuals, 35 to 44 years old",I_IUAIWP,Use of generative AI tools: for professional (work) purposes,PC_IND,Percentage of individuals,SK,Slovakia,2025,,18.18,,,,,
dataflow,ESTAT:ISOC_AI_IAIU(1.0),Individuals - use of generative AI tools,A,Annual,Y35_44,"Individuals, 35 to 44 years old",I_IUAIWP,Use of generative AI tools: for professional (work) purposes,PC_IND,Percentage of individuals,TR,Türkiye,2025,,6.36,,,,,
dataflow,ESTAT:ISOC_AI_IAIU(1.0),Individuals - use of generative AI tools,A,Annual,Y45_54,"Individuals, 45 to 54 years old",I_IUAIWP,Use of generative AI tools: for professional (work) purposes,PC_IND,Percentage of individuals,AT,Austria,2025,,23.36,,,,,
dataflow,ESTAT:ISOC_AI_IAIU(1.0),Individuals - use of generative AI tools,A,Annual,Y45_54,"Individuals, 45 to 54 years old",I_IUAIWP,Use of generative AI tools: for professional (work) purposes,PC_IND,Percentage of individuals,BE,Belgium,2025,,26.27,,,,,
dataflow,ESTAT:ISOC_AI_IAIU(1.0),Individuals - use of generative AI tools,A,Annual,Y45_54,"Individuals, 45 to 54 years old",I_IUAIWP,Use of generative AI tools: for professional (work) purposes,PC_IND,Percentage of individuals,BG,Bulgaria,2025,,8.75,,,,,
dataflow,ESTAT:ISOC_AI_IAIU(1.0),Individuals - use of generative AI tools,A,Annual,Y45_54,"Individuals, 45 to 54 years old",I_IUAIWP,Use of generative AI tools: for professional (work) purposes,PC_IND,Percentage of individuals,CZ,Czechia,2025,,15.11,,,,,
dataflow,ESTAT:ISOC_AI_IAIU(1.0),Individuals - use of generative AI tools,A,Annual,Y45_54,"Individuals, 45 to 54 years old",I_IUAIWP,Use of generative AI tools: for professional (work) purposes,PC_IND,Percentage of individuals,DE,Germany,2025,,14.34,,,,,
dataflow,ESTAT:ISOC_AI_IAIU(1.0),Individuals - use of generative AI tools,A,Annual,Y45_54,"Individuals, 45 to 54 years old",I_IUAIWP,Use of generative AI tools: for professional (work) purposes,PC_IND,Percentage of individuals,DK,Denmark,2025,,32.18,,,,,
dataflow,ESTAT:ISOC_AI_IAIU(1.0),Individuals - use of generative AI tools,A,Annual,Y45_54,"Individuals, 45 to 54 years old",I_IUAIWP,Use of generative AI tools: for professional (work) purposes,PC_IND,Percentage of individuals,EE,Estonia,2025,,26.71,,,,,
dataflow,ESTAT:ISOC_AI_IAIU(1.0),Individuals - use of generative AI tools,A,Annual,Y45_54,"Individuals, 45 to 54 years old",I_IUAIWP,Use of generative AI tools: for professional (work) purposes,PC_IND,Percentage of individuals,EL,Greece,2025,,19.96,,,,,
dataflow,ESTAT:ISOC_AI_IAIU(1.0),Individuals - use of generative AI tools,A,Annual,Y45_54,"Individuals, 45 to 54 years old",I_IUAIWP,Use of generative AI tools: for professional (work) purposes,PC_IND,Percentage of individuals,ES,Spain,2025,,19.64,,,,,
dataflow,ESTAT:ISOC_AI_IAIU(1.0),Individuals - use of generative AI tools,A,Annual,Y45_54,"Individuals, 45 to 54 years old",I_IUAIWP,Use of generative AI tools: for professional (work) purposes,PC_IND,Percentage of individuals,FI,Finland,2025,,38.54,,,,,
dataflow,ESTAT:ISOC_AI_IAIU(1.0),Individuals - use of generative AI tools,A,Annual,Y45_54,"Individuals, 45 to 54 years old",I_IUAIWP,Use of generative AI tools: for professional (work) purposes,PC_IND,Percentage of individuals,FR,France,2025,,19.66,,,,,
dataflow,ESTAT:ISOC_AI_IAIU(1.0),Individuals - use of generative AI tools,A,Annual,Y45_54,"Individuals, 45 to 54 years old",I_IUAIWP,Use of generative AI tools: for professional (work) purposes,PC_IND,Percentage of individuals,HR,Croatia,2025,,8.08,,,,,
dataflow,ESTAT:ISOC_AI_IAIU(1.0),Individuals - use of generative AI tools,A,Annual,Y45_54,"Individuals, 45 to 54 years old",I_IUAIWP,Use of generative AI tools: for professional (work) purposes,PC_IND,Percentage of individuals,HU,Hungary,2025,,13.36,,,,,
dataflow,ESTAT:ISOC_AI_IAIU(1.0),Individuals - use of generative AI tools,A,Annual,Y45_54,"Individuals, 45 to 54 years old",I_IUAIWP,Use of generative AI tools: for professional (work) purposes,PC_IND,Percentage of individuals,IE,Ireland,2025,,27.78,,,,,
dataflow,ESTAT:ISOC_AI_IAIU(1.0),Individuals - use of generative AI tools,A,Annual,Y45_54,"Individuals, 45 to 54 years old",I_IUAIWP,Use of generative AI tools: for professional (work) purposes,PC_IND,Percentage of individuals,IT,Italy,2025,,8.97,,,,,
dataflow,ESTAT:ISOC_AI_IAIU(1.0),Individuals - use of generative AI tools,A,Annual,Y45_54,"Individuals, 45 to 54 years old",I_IUAIWP,Use of generative AI tools: for professional (work) purposes,PC_IND,Percentage of individuals,LT,Lithuania,2025,,18.20,,,,,
dataflow,ESTAT:ISOC_AI_IAIU(1.0),Individuals - use of generative AI tools,A,Annual,Y45_54,"Individuals, 45 to 54 years old",I_IUAIWP,Use of generative AI tools: for professional (work) purposes,PC_IND,Percentage of individuals,LU,Luxembourg,2025,,26.96,,,,,
dataflow,ESTAT:ISOC_AI_IAIU(1.0),Individuals - use of generative AI tools,A,Annual,Y45_54,"Individuals, 45 to 54 years old",I_IUAIWP,Use of generative AI tools: for professional (work) purposes,PC_IND,Percentage of individuals,LV,Latvia,2025,,13.57,,,,,
dataflow,ESTAT:ISOC_AI_IAIU(1.0),Individuals - use of generative AI tools,A,Annual,Y45_54,"Individuals, 45 to 54 years old",I_IUAIWP,Use of generative AI tools: for professional (work) purposes,PC_IND,Percentage of individuals,NL,Netherlands,2025,,33.08,,,,,
dataflow,ESTAT:ISOC_AI_IAIU(1.0),Individuals - use of generative AI tools,A,Annual,Y45_54,"Individuals, 45 to 54 years old",I_IUAIWP,Use of generative AI tools: for professional (work) purposes,PC_IND,Percentage of individuals,NO,Norway,2025,,41.87,,,,,
dataflow,ESTAT:ISOC_AI_IAIU(1.0),Individuals - use of generative AI tools,A,Annual,Y45_54,"Individuals, 45 to 54 years old",I_IUAIWP,Use of generative AI tools: for professional (work) purposes,PC_IND,Percentage of individuals,PL,Poland,2025,,6.81,,,,,
dataflow,ESTAT:ISOC_AI_IAIU(1.0),Individuals - use of generative AI tools,A,Annual,Y45_54,"Individuals, 45 to 54 years old",I_IUAIWP,Use of generative AI tools: for professional (work) purposes,PC_IND,Percentage of individuals,PT,Portugal,2025,,23.59,,,,,
dataflow,ESTAT:ISOC_AI_IAIU(1.0),Individuals - use of generative AI tools,A,Annual,Y45_54,"Individuals, 45 to 54 years old",I_IUAIWP,Use of generative AI tools: for professional (work) purposes,PC_IND,Percentage of individuals,RO,Romania,2025,,5.42,,,,,
dataflow,ESTAT:ISOC_AI_IAIU(1.0),Individuals - use of generative AI tools,A,Annual,Y45_54,"Individuals, 45 to 54 years old",I_IUAIWP,Use of generative AI tools: for professional (work) purposes,PC_IND,Percentage of individuals,SE,Sweden,2025,,27.98,,,,,
dataflow,ESTAT:ISOC_AI_IAIU(1.0),Individuals - use of generative AI tools,A,Annual,Y45_54,"Individuals, 45 to 54 years old",I_IUAIWP,Use of generative AI tools: for professional (work) purposes,PC_IND,Percentage of individuals,SI,Slovenia,2025,,19.58,,,,,
dataflow,ESTAT:ISOC_AI_IAIU(1.0),Individuals - use of generative AI tools,A,Annual,Y45_54,"Individuals, 45 to 54 years old",I_IUAIWP,Use of generative AI tools: for professional (work) purposes,PC_IND,Percentage of individuals,SK,Slovakia,2025,,10.16,,,,,
dataflow,ESTAT:ISOC_AI_IAIU(1.0),Individuals - use of generative AI tools,A,Annual,Y45_54,"Individuals, 45 to 54 years old",I_IUAIWP,Use of generative AI tools: for professional (work) purposes,PC_IND,Percentage of individuals,TR,Türkiye,2025,,2.61,,,,,
dataflow,ESTAT:ISOC_AI_IAIU(1.0),Individuals - use of generative AI tools,A,Annual,Y55_64,"Individuals, 55 to 64 years old",I_IUAIWP,Use of generative AI tools: for professional (work) purposes,PC_IND,Percentage of individuals,AT,Austria,2025,,12.18,,,,,
dataflow,ESTAT:ISOC_AI_IAIU(1.0),Individuals - use of generative AI tools,A,Annual,Y55_64,"Individuals, 55 to 64 years old",I_IUAIWP,Use of generative AI tools: for professional (work) purposes,PC_IND,Percentage of individuals,BE,Belgium,2025,,11.69,,,,,
dataflow,ESTAT:ISOC_AI_IAIU(1.0),Individuals - use of generative AI tools,A,Annual,Y55_64,"Individuals, 55 to 64 years old",I_IUAIWP,Use of generative AI tools: for professional (work) purposes,PC_IND,Percentage of individuals,BG,Bulgaria,2025,,6.79,,,,,
dataflow,ESTAT:ISOC_AI_IAIU(1.0),Individuals - use of generative AI tools,A,Annual,Y55_64,"Individuals, 55 to 64 years old",I_IUAIWP,Use of generative AI tools: for professional (work) purposes,PC_IND,Percentage of individuals,CZ,Czechia,2025,,7.50,,,,,
dataflow,ESTAT:ISOC_AI_IAIU(1.0),Individuals - use of generative AI tools,A,Annual,Y55_64,"Individuals, 55 to 64 years old",I_IUAIWP,Use of generative AI tools: for professional (work) purposes,PC_IND,Percentage of individuals,DE,Germany,2025,,8.41,,,,,
dataflow,ESTAT:ISOC_AI_IAIU(1.0),Individuals - use of generative AI tools,A,Annual,Y55_64,"Individuals, 55 to 64 years old",I_IUAIWP,Use of generative AI tools: for professional (work) purposes,PC_IND,Percentage of individuals,DK,Denmark,2025,,22.08,,,,,
dataflow,ESTAT:ISOC_AI_IAIU(1.0),Individuals - use of generative AI tools,A,Annual,Y55_64,"Individuals, 55 to 64 years old",I_IUAIWP,Use of generative AI tools: for professional (work) purposes,PC_IND,Percentage of individuals,EE,Estonia,2025,,12.41,,,,,
dataflow,ESTAT:ISOC_AI_IAIU(1.0),Individuals - use of generative AI tools,A,Annual,Y55_64,"Individuals, 55 to 64 years old",I_IUAIWP,Use of generative AI tools: for professional (work) purposes,PC_IND,Percentage of individuals,EL,Greece,2025,,11.73,,,,,
dataflow,ESTAT:ISOC_AI_IAIU(1.0),Individuals - use of generative AI tools,A,Annual,Y55_64,"Individuals, 55 to 64 years old",I_IUAIWP,Use of generative AI tools: for professional (work) purposes,PC_IND,Percentage of individuals,ES,Spain,2025,,10.22,,,,,
dataflow,ESTAT:ISOC_AI_IAIU(1.0),Individuals - use of generative AI tools,A,Annual,Y55_64,"Individuals, 55 to 64 years old",I_IUAIWP,Use of generative AI tools: for professional (work) purposes,PC_IND,Percentage of individuals,FI,Finland,2025,,18.37,,,,,
dataflow,ESTAT:ISOC_AI_IAIU(1.0),Individuals - use of generative AI tools,A,Annual,Y55_64,"Individuals, 55 to 64 years old",I_IUAIWP,Use of generative AI tools: for professional (work) purposes,PC_IND,Percentage of individuals,FR,France,2025,,9.51,,,,,
dataflow,ESTAT:ISOC_AI_IAIU(1.0),Individuals - use of generative AI tools,A,Annual,Y55_64,"Individuals, 55 to 64 years old",I_IUAIWP,Use of generative AI tools: for professional (work) purposes,PC_IND,Percentage of individuals,HR,Croatia,2025,,4.12,,,,,
dataflow,ESTAT:ISOC_AI_IAIU(1.0),Individuals - use of generative AI tools,A,Annual,Y55_64,"Individuals, 55 to 64 years old",I_IUAIWP,Use of generative AI tools: for professional (work) purposes,PC_IND,Percentage of individuals,HU,Hungary,2025,,8.86,,,,,
dataflow,ESTAT:ISOC_AI_IAIU(1.0),Individuals - use of generative AI tools,A,Annual,Y55_64,"Individuals, 55 to 64 years old",I_IUAIWP,Use of generative AI tools: for professional (work) purposes,PC_IND,Percentage of individuals,IE,Ireland,2025,,13.43,,,,,
dataflow,ESTAT:ISOC_AI_IAIU(1.0),Individuals - use of generative AI tools,A,Annual,Y55_64,"Individuals, 55 to 64 years old",I_IUAIWP,Use of generative AI tools: for professional (work) purposes,PC_IND,Percentage of individuals,IT,Italy,2025,,5.15,,,,,
dataflow,ESTAT:ISOC_AI_IAIU(1.0),Individuals - use of generative AI tools,A,Annual,Y55_64,"Individuals, 55 to 64 years old",I_IUAIWP,Use of generative AI tools: for professional (work) purposes,PC_IND,Percentage of individuals,LT,Lithuania,2025,,6.03,,,,,
dataflow,ESTAT:ISOC_AI_IAIU(1.0),Individuals - use of generative AI tools,A,Annual,Y55_64,"Individuals, 55 to 64 years old",I_IUAIWP,Use of generative AI tools: for professional (work) purposes,PC_IND,Percentage of individuals,LU,Luxembourg,2025,,10.69,,,,,
dataflow,ESTAT:ISOC_AI_IAIU(1.0),Individuals - use of generative AI tools,A,Annual,Y55_64,"Individuals, 55 to 64 years old",I_IUAIWP,Use of generative AI tools: for professional (work) purposes,PC_IND,Percentage of individuals,LV,Latvia,2025,,6.55,,,,,
dataflow,ESTAT:ISOC_AI_IAIU(1.0),Individuals - use of generative AI tools,A,Annual,Y55_64,"Individuals, 55 to 64 years old",I_IUAIWP,Use of generative AI tools: for professional (work) purposes,PC_IND,Percentage of individuals,NL,Netherlands,2025,,18.54,,,,,
dataflow,ESTAT:ISOC_AI_IAIU(1.0),Individuals - use of generative AI tools,A,Annual,Y55_64,"Individuals, 55 to 64 years old",I_IUAIWP,Use of generative AI tools: for professional (work) purposes,PC_IND,Percentage of individuals,NO,Norway,2025,,27.82,,,,,
dataflow,ESTAT:ISOC_AI_IAIU(1.0),Individuals - use of generative AI tools,A,Annual,Y55_64,"Individuals, 55 to 64 years old",I_IUAIWP,Use of generative AI tools: for professional (work) purposes,PC_IND,Percentage of individuals,PL,Poland,2025,,3.48,,,,,
dataflow,ESTAT:ISOC_AI_IAIU(1.0),Individuals - use of generative AI tools,A,Annual,Y55_64,"Individuals, 55 to 64 years old",I_IUAIWP,Use of generative AI tools: for professional (work) purposes,PC_IND,Percentage of individuals,PT,Portugal,2025,,11.11,,,,,
dataflow,ESTAT:ISOC_AI_IAIU(1.0),Individuals - use of generative AI tools,A,Annual,Y55_64,"Individuals, 55 to 64 years old",I_IUAIWP,Use of generative AI tools: for professional (work) purposes,PC_IND,Percentage of individuals,RO,Romania,2025,,2.30,,,,,
dataflow,ESTAT:ISOC_AI_IAIU(1.0),Individuals - use of generative AI tools,A,Annual,Y55_64,"Individuals, 55 to 64 years old",I_IUAIWP,Use of generative AI tools: for professional (work) purposes,PC_IND,Percentage of individuals,SE,Sweden,2025,,14.70,,,,,
dataflow,ESTAT:ISOC_AI_IAIU(1.0),Individuals - use of generative AI tools,A,Annual,Y55_64,"Individuals, 55 to 64 years old",I_IUAIWP,Use of generative AI tools: for professional (work) purposes,PC_IND,Percentage of individuals,SI,Slovenia,2025,,6.91,,,,,
dataflow,ESTAT:ISOC_AI_IAIU(1.0),Individuals - use of generative AI tools,A,Annual,Y55_64,"Individuals, 55 to 64 years old",I_IUAIWP,Use of generative AI tools: for professional (work) purposes,PC_IND,Percentage of individuals,SK,Slovakia,2025,,3.97,,,,,
dataflow,ESTAT:ISOC_AI_IAIU(1.0),Individuals - use of generative AI tools,A,Annual,Y55_64,"Individuals, 55 to 64 years old",I_IUAIWP,Use of generative AI tools: for professional (work) purposes,PC_IND,Percentage of individuals,TR,Türkiye,2025,,0.61,,,,,
dataflow,ESTAT:ISOC_AI_IAIU(1.0),Individuals - use of generative AI tools,A,Annual,Y55_74,"Individuals, 55 to 74 years old",I_IUAI,Use of generative AI tools: in the last 3 months,PC_IND,Percentage of individuals,AT,Austria,2025,,14.92,,,,,
dataflow,ESTAT:ISOC_AI_IAIU(1.0),Individuals - use of generative AI tools,A,Annual,Y55_74HI,Individuals aged 55 to 74 with high formal education,I_IUAI,Use of generative AI tools: in the last 3 months,PC_IND,Percentage of individuals,AT,Austria,2025,,28.31,,,,,
dataflow,ESTAT:ISOC_AI_IAIU(1.0),Individuals - use of generative AI tools,A,Annual,Y55_74LO,Individuals aged 55 to 74 with low formal education,I_IUAI,Use of generative AI tools: in the last 3 months,PC_IND,Percentage of individuals,AT,Austria,2025,,4.85,,,,,
dataflow,ESTAT:ISOC_AI_IAIU(1.0),Individuals - use of generative AI tools,A,Annual,Y55_74ME,Individuals aged 55 to 74 with medium formal education,I_IUAI,Use of generative AI tools: in the last 3 months,PC_IND,Percentage of individuals,AT,Austria,2025,,11.11,,,,,
dataflow,ESTAT:ISOC_AI_IAIU(1.0),Individuals - use of generative AI tools,A,Annual,Y65_74,"Individuals, 65 to 74 years old",I_IUAI,Use of generative AI tools: in the last 3 months,PC_IND,Percentage of individuals,AT,Austria,2025,,8.52,,,,,
dataflow,ESTAT:ISOC_AI_IAIU(1.0),Individuals - use of generative AI tools,A,Annual,Y75_89,All persons 75-89,I_IUAI,Use of generative AI tools: in the last 3 months,PC_IND,Percentage of individuals,AT,Austria,2025,,2.48,,,,,
dataflow,ESTAT:ISOC_AI_IAIU(1.0),Individuals - use of generative AI tools,A,Annual,Y75_89HI,Persons aged 75-89 with high education,I_IUAI,Use of generative AI tools: in the last 3 months,PC_IND,Percentage of individuals,AT,Austria,2025,,8.60,,,,,
dataflow,ESTAT:ISOC_AI_IAIU(1.0),Individuals - use of generative AI tools,A,Annual,Y75_89LO,Persons aged 75-89 with no or low education,I_IUAI,Use of generative AI tools: in the last 3 months,PC_IND,Percentage of individuals,AT,Austria,2025,,0.59,,,,,
dataflow,ESTAT:ISOC_AI_IAIU(1.0),Individuals - use of generative AI tools,A,Annual,Y75_89ME,Persons aged 75-89 with medium education,I_IUAI,Use of generative AI tools: in the last 3 months,PC_IND,Percentage of individuals,AT,Austria,2025,,1.19,,,,,
