STRUCTURE,STRUCTURE_ID,STRUCTURE_NAME,ACTION,REF_AREA,Reference area,SEX,Sex,AGE,Age,ATTAINMENT_LEV,Educational attainment level,EDUCATION_FIELD,Field of education,MEASURE,Measure,INCOME,Income,BIRTH_PLACE,Place of birth,MIGRATION_AGE,Age at migration,EDU_STATUS,Education status,LABOUR_FORCE_STATUS,Labour force status,DURATION_UNEMP,Unemployment duration,UNIT_MEASURE,Unit of measure,STATISTICAL_OPERATION,Statistical operation,WORK_TIME_ARNGMNT,Work time arrangement,QUESTIONNAIRE,Questionnaire name,FREQ,Frequency of observation,TIME_PERIOD,Time period,OBS_VALUE,Observation value,OBS_STATUS,Observation status,CONF_STATUS,Confidentiality status,UNIT_MULT,Unit multiplier,DECIMALS,Decimals
DATAFLOW,OECD.EDU.IMEP:DSD_EAG_LSO_EA@DF_LSO_NEAC_DISTR_EA(1.0),"Adults' educational attainment distribution, by age group and gender",I,EU25,European Union (25 countries),_T,Total,Y25T64,From 25 to 64 years,ISCED11A_5T8,Tertiary education,_T,Total,POP,Population,_Z,Not applicable,_T,Total,_Z,Not applicable,ED_NED,In education or not in education,POP,Population,_Z,Not applicable,PT_POP_SEX_AGE,Percentage of population in the same sex and age,OBS,Observed,_Z,Not applicable,NEAC,LSO-NEAC regular data collection,A,Annual,2019,,,,O,Missing value,,,0,Units,1,One
DATAFLOW,OECD.EDU.IMEP:DSD_EAG_LSO_EA@DF_LSO_NEAC_DISTR_EA(1.0),"Adults' educational attainment distribution, by age group and gender",I,OECD,OECD,_T,Total,Y25T64,From 25 to 64 years,ISCED11A_5T8,Tertiary education,_T,Total,POP,Population,_Z,Not applicable,_T,Total,_Z,Not applicable,ED_NED,In education or not in education,POP,Population,_Z,Not applicable,PT_POP_SEX_AGE,Percentage of population in the same sex and age,OBS,Observed,_Z,Not applicable,NEAC,LSO-NEAC regular data collection,A,Annual,2019,,,,O,Missing value,,,0,Units,1,One
DATAFLOW,OECD.EDU.IMEP:DSD_EAG_LSO_EA@DF_LSO_NEAC_DISTR_EA(1.0),"Adults' educational attainment distribution, by age group and gender",I,DNK,Denmark,_T,Total,Y25T64,From 25 to 64 years,ISCED11A_5T8,Tertiary education,_T,Total,POP,Population,_Z,Not applicable,_T,Total,_Z,Not applicable,ED_NED,In education or not in education,POP,Population,_Z,Not applicable,PT_POP_SEX_AGE,Percentage of population in the same sex and age,OBS,Observed,_Z,Not applicable,NEAC,LSO-NEAC regular data collection,A,Annual,2025,,45.9920195071463,,B,Time series break,,,0,Units,1,One
DATAFLOW,OECD.EDU.IMEP:DSD_EAG_LSO_EA@DF_LSO_NEAC_DISTR_EA(1.0),"Adults' educational attainment distribution, by age group and gender",I,AUT,Austria,_T,Total,Y25T64,From 25 to 64 years,ISCED11A_5T8,Tertiary education,_T,Total,POP,Population,_Z,Not applicable,_T,Total,_Z,Not applicable,ED_NED,In education or not in education,POP,Population,_Z,Not applicable,PT_POP_SEX_AGE,Percentage of population in the same sex and age,OBS,Observed,_Z,Not applicable,NEAC,LSO-NEAC regular data collection,A,Annual,2025,,37.6078434750146,,A,Normal value,,,0,Units,1,One
DATAFLOW,OECD.EDU.IMEP:DSD_EAG_LSO_EA@DF_LSO_NEAC_DISTR_EA(1.0),"Adults' educational attainment distribution, by age group and gender",I,BEL,Belgium,_T,Total,Y25T64,From 25 to 64 years,ISCED11A_5T8,Tertiary education,_T,Total,POP,Population,_Z,Not applicable,_T,Total,_Z,Not applicable,ED_NED,In education or not in education,POP,Population,_Z,Not applicable,PT_POP_SEX_AGE,Percentage of population in the same sex and age,OBS,Observed,_Z,Not applicable,NEAC,LSO-NEAC regular data collection,A,Annual,2025,,47.4536786270713,,A,Normal value,,,0,Units,1,One
DATAFLOW,OECD.EDU.IMEP:DSD_EAG_LSO_EA@DF_LSO_NEAC_DISTR_EA(1.0),"Adults' educational attainment distribution, by age group and gender",I,CZE,Czechia,_T,Total,Y25T64,From 25 to 64 years,ISCED11A_5T8,Tertiary education,_T,Total,POP,Population,_Z,Not applicable,_T,Total,_Z,Not applicable,ED_NED,In education or not in education,POP,Population,_Z,Not applicable,PT_POP_SEX_AGE,Percentage of population in the same sex and age,OBS,Observed,_Z,Not applicable,NEAC,LSO-NEAC regular data collection,A,Annual,2025,,28.7268908297745,,A,Normal value,,,0,Units,1,One
DATAFLOW,OECD.EDU.IMEP:DSD_EAG_LSO_EA@DF_LSO_NEAC_DISTR_EA(1.0),"Adults' educational attainment distribution, by age group and gender",I,EST,Estonia,_T,Total,Y25T64,From 25 to 64 years,ISCED11A_5T8,Tertiary education,_T,Total,POP,Population,_Z,Not applicable,_T,Total,_Z,Not applicable,ED_NED,In education or not in education,POP,Population,_Z,Not applicable,PT_POP_SEX_AGE,Percentage of population in the same sex and age,OBS,Observed,_Z,Not applicable,NEAC,LSO-NEAC regular data collection,A,Annual,2025,,42.0615443227704,,A,Normal value,,,0,Units,1,One
DATAFLOW,OECD.EDU.IMEP:DSD_EAG_LSO_EA@DF_LSO_NEAC_DISTR_EA(1.0),"Adults' educational attainment distribution, by age group and gender",I,FIN,Finland,_T,Total,Y25T64,From 25 to 64 years,ISCED11A_5T8,Tertiary education,_T,Total,POP,Population,_Z,Not applicable,_T,Total,_Z,Not applicable,ED_NED,In education or not in education,POP,Population,_Z,Not applicable,PT_POP_SEX_AGE,Percentage of population in the same sex and age,OBS,Observed,_Z,Not applicable,NEAC,LSO-NEAC regular data collection,A,Annual,2025,,42.7362482369535,,A,Normal value,,,0,Units,1,One
DATAFLOW,OECD.EDU.IMEP:DSD_EAG_LSO_EA@DF_LSO_NEAC_DISTR_EA(1.0),"Adults' educational attainment distribution, by age group and gender",I,DEU,Germany,_T,Total,Y25T64,From 25 to 64 years,ISCED11A_5T8,Tertiary education,_T,Total,POP,Population,_Z,Not applicable,_T,Total,_Z,Not applicable,ED_NED,In education or not in education,POP,Population,_Z,Not applicable,PT_POP_SEX_AGE,Percentage of population in the same sex and age,OBS,Observed,_Z,Not applicable,NEAC,LSO-NEAC regular data collection,A,Annual,2025,,35.4935176906446,,A,Normal value,,,0,Units,1,One
DATAFLOW,OECD.EDU.IMEP:DSD_EAG_LSO_EA@DF_LSO_NEAC_DISTR_EA(1.0),"Adults' educational attainment distribution, by age group and gender",I,GRC,Greece,_T,Total,Y25T64,From 25 to 64 years,ISCED11A_5T8,Tertiary education,_T,Total,POP,Population,_Z,Not applicable,_T,Total,_Z,Not applicable,ED_NED,In education or not in education,POP,Population,_Z,Not applicable,PT_POP_SEX_AGE,Percentage of population in the same sex and age,OBS,Observed,_Z,Not applicable,NEAC,LSO-NEAC regular data collection,A,Annual,2025,,34.9287912070945,,A,Normal value,,,0,Units,1,One
DATAFLOW,OECD.EDU.IMEP:DSD_EAG_LSO_EA@DF_LSO_NEAC_DISTR_EA(1.0),"Adults' educational attainment distribution, by age group and gender",I,HUN,Hungary,_T,Total,Y25T64,From 25 to 64 years,ISCED11A_5T8,Tertiary education,_T,Total,POP,Population,_Z,Not applicable,_T,Total,_Z,Not applicable,ED_NED,In education or not in education,POP,Population,_Z,Not applicable,PT_POP_SEX_AGE,Percentage of population in the same sex and age,OBS,Observed,_Z,Not applicable,NEAC,LSO-NEAC regular data collection,A,Annual,2025,,31.6008823184546,,A,Normal value,,,0,Units,1,One
DATAFLOW,OECD.EDU.IMEP:DSD_EAG_LSO_EA@DF_LSO_NEAC_DISTR_EA(1.0),"Adults' educational attainment distribution, by age group and gender",I,IRL,Ireland,_T,Total,Y25T64,From 25 to 64 years,ISCED11A_5T8,Tertiary education,_T,Total,POP,Population,_Z,Not applicable,_T,Total,_Z,Not applicable,ED_NED,In education or not in education,POP,Population,_Z,Not applicable,PT_POP_SEX_AGE,Percentage of population in the same sex and age,OBS,Observed,_Z,Not applicable,NEAC,LSO-NEAC regular data collection,A,Annual,2025,,58.7290781742844,,A,Normal value,,,0,Units,1,One
DATAFLOW,OECD.EDU.IMEP:DSD_EAG_LSO_EA@DF_LSO_NEAC_DISTR_EA(1.0),"Adults' educational attainment distribution, by age group and gender",I,ITA,Italy,_T,Total,Y25T64,From 25 to 64 years,ISCED11A_5T8,Tertiary education,_T,Total,POP,Population,_Z,Not applicable,_T,Total,_Z,Not applicable,ED_NED,In education or not in education,POP,Population,_Z,Not applicable,PT_POP_SEX_AGE,Percentage of population in the same sex and age,OBS,Observed,_Z,Not applicable,NEAC,LSO-NEAC regular data collection,A,Annual,2025,,22.2694216686751,,A,Normal value,,,0,Units,1,One
DATAFLOW,OECD.EDU.IMEP:DSD_EAG_LSO_EA@DF_LSO_NEAC_DISTR_EA(1.0),"Adults' educational attainment distribution, by age group and gender",I,LVA,Latvia,_T,Total,Y25T64,From 25 to 64 years,ISCED11A_5T8,Tertiary education,_T,Total,POP,Population,_Z,Not applicable,_T,Total,_Z,Not applicable,ED_NED,In education or not in education,POP,Population,_Z,Not applicable,PT_POP_SEX_AGE,Percentage of population in the same sex and age,OBS,Observed,_Z,Not applicable,NEAC,LSO-NEAC regular data collection,A,Annual,2025,,40.7119476864801,,A,Normal value,,,0,Units,1,One
DATAFLOW,OECD.EDU.IMEP:DSD_EAG_LSO_EA@DF_LSO_NEAC_DISTR_EA(1.0),"Adults' educational attainment distribution, by age group and gender",I,LTU,Lithuania,_T,Total,Y25T64,From 25 to 64 years,ISCED11A_5T8,Tertiary education,_T,Total,POP,Population,_Z,Not applicable,_T,Total,_Z,Not applicable,ED_NED,In education or not in education,POP,Population,_Z,Not applicable,PT_POP_SEX_AGE,Percentage of population in the same sex and age,OBS,Observed,_Z,Not applicable,NEAC,LSO-NEAC regular data collection,A,Annual,2025,,49.910931977556,,A,Normal value,,,0,Units,1,One
DATAFLOW,OECD.EDU.IMEP:DSD_EAG_LSO_EA@DF_LSO_NEAC_DISTR_EA(1.0),"Adults' educational attainment distribution, by age group and gender",I,LUX,Luxembourg,_T,Total,Y25T64,From 25 to 64 years,ISCED11A_5T8,Tertiary education,_T,Total,POP,Population,_Z,Not applicable,_T,Total,_Z,Not applicable,ED_NED,In education or not in education,POP,Population,_Z,Not applicable,PT_POP_SEX_AGE,Percentage of population in the same sex and age,OBS,Observed,_Z,Not applicable,NEAC,LSO-NEAC regular data collection,A,Annual,2025,,54.7686339815973,,A,Normal value,,,0,Units,1,One
DATAFLOW,OECD.EDU.IMEP:DSD_EAG_LSO_EA@DF_LSO_NEAC_DISTR_EA(1.0),"Adults' educational attainment distribution, by age group and gender",I,NLD,Netherlands,_T,Total,Y25T64,From 25 to 64 years,ISCED11A_5T8,Tertiary education,_T,Total,POP,Population,_Z,Not applicable,_T,Total,_Z,Not applicable,ED_NED,In education or not in education,POP,Population,_Z,Not applicable,PT_POP_SEX_AGE,Percentage of population in the same sex and age,OBS,Observed,_Z,Not applicable,NEAC,LSO-NEAC regular data collection,A,Annual,2025,,46.0732245066415,,A,Normal value,,,0,Units,1,One
DATAFLOW,OECD.EDU.IMEP:DSD_EAG_LSO_EA@DF_LSO_NEAC_DISTR_EA(1.0),"Adults' educational attainment distribution, by age group and gender",I,NOR,Norway,_T,Total,Y25T64,From 25 to 64 years,ISCED11A_5T8,Tertiary education,_T,Total,POP,Population,_Z,Not applicable,_T,Total,_Z,Not applicable,ED_NED,In education or not in education,POP,Population,_Z,Not applicable,PT_POP_SEX_AGE,Percentage of population in the same sex and age,OBS,Observed,_Z,Not applicable,NEAC,LSO-NEAC regular data collection,A,Annual,2025,,50.2158469016622,,A,Normal value,,,0,Units,1,One
DATAFLOW,OECD.EDU.IMEP:DSD_EAG_LSO_EA@DF_LSO_NEAC_DISTR_EA(1.0),"Adults' educational attainment distribution, by age group and gender",I,POL,Poland,_T,Total,Y25T64,From 25 to 64 years,ISCED11A_5T8,Tertiary education,_T,Total,POP,Population,_Z,Not applicable,_T,Total,_Z,Not applicable,ED_NED,In education or not in education,POP,Population,_Z,Not applicable,PT_POP_SEX_AGE,Percentage of population in the same sex and age,OBS,Observed,_Z,Not applicable,NEAC,LSO-NEAC regular data collection,A,Annual,2025,,39.9844516637235,,A,Normal value,,,0,Units,1,One
DATAFLOW,OECD.EDU.IMEP:DSD_EAG_LSO_EA@DF_LSO_NEAC_DISTR_EA(1.0),"Adults' educational attainment distribution, by age group and gender",I,PRT,Portugal,_T,Total,Y25T64,From 25 to 64 years,ISCED11A_5T8,Tertiary education,_T,Total,POP,Population,_Z,Not applicable,_T,Total,_Z,Not applicable,ED_NED,In education or not in education,POP,Population,_Z,Not applicable,PT_POP_SEX_AGE,Percentage of population in the same sex and age,OBS,Observed,_Z,Not applicable,NEAC,LSO-NEAC regular data collection,A,Annual,2025,,32.7051030871645,,A,Normal value,,,0,Units,1,One
DATAFLOW,OECD.EDU.IMEP:DSD_EAG_LSO_EA@DF_LSO_NEAC_DISTR_EA(1.0),"Adults' educational attainment distribution, by age group and gender",I,SVK,Slovak Republic,_T,Total,Y25T64,From 25 to 64 years,ISCED11A_5T8,Tertiary education,_T,Total,POP,Population,_Z,Not applicable,_T,Total,_Z,Not applicable,ED_NED,In education or not in education,POP,Population,_Z,Not applicable,PT_POP_SEX_AGE,Percentage of population in the same sex and age,OBS,Observed,_Z,Not applicable,NEAC,LSO-NEAC regular data collection,A,Annual,2025,,29.8084339894758,,A,Normal value,,,0,Units,1,One
DATAFLOW,OECD.EDU.IMEP:DSD_EAG_LSO_EA@DF_LSO_NEAC_DISTR_EA(1.0),"Adults' educational attainment distribution, by age group and gender",I,SVN,Slovenia,_T,Total,Y25T64,From 25 to 64 years,ISCED11A_5T8,Tertiary education,_T,Total,POP,Population,_Z,Not applicable,_T,Total,_Z,Not applicable,ED_NED,In education or not in education,POP,Population,_Z,Not applicable,PT_POP_SEX_AGE,Percentage of population in the same sex and age,OBS,Observed,_Z,Not applicable,NEAC,LSO-NEAC regular data collection,A,Annual,2025,,35.0911884854471,,A,Normal value,,,0,Units,1,One
DATAFLOW,OECD.EDU.IMEP:DSD_EAG_LSO_EA@DF_LSO_NEAC_DISTR_EA(1.0),"Adults' educational attainment distribution, by age group and gender",I,ESP,Spain,_T,Total,Y25T64,From 25 to 64 years,ISCED11A_5T8,Tertiary education,_T,Total,POP,Population,_Z,Not applicable,_T,Total,_Z,Not applicable,ED_NED,In education or not in education,POP,Population,_Z,Not applicable,PT_POP_SEX_AGE,Percentage of population in the same sex and age,OBS,Observed,_Z,Not applicable,NEAC,LSO-NEAC regular data collection,A,Annual,2025,,42.413801108307,,A,Normal value,,,0,Units,1,One
DATAFLOW,OECD.EDU.IMEP:DSD_EAG_LSO_EA@DF_LSO_NEAC_DISTR_EA(1.0),"Adults' educational attainment distribution, by age group and gender",I,SWE,Sweden,_T,Total,Y25T64,From 25 to 64 years,ISCED11A_5T8,Tertiary education,_T,Total,POP,Population,_Z,Not applicable,_T,Total,_Z,Not applicable,ED_NED,In education or not in education,POP,Population,_Z,Not applicable,PT_POP_SEX_AGE,Percentage of population in the same sex and age,OBS,Observed,_Z,Not applicable,NEAC,LSO-NEAC regular data collection,A,Annual,2025,,50.817224036199,,A,Normal value,,,0,Units,1,One
DATAFLOW,OECD.EDU.IMEP:DSD_EAG_LSO_EA@DF_LSO_NEAC_DISTR_EA(1.0),"Adults' educational attainment distribution, by age group and gender",I,TUR,Türkiye,_T,Total,Y25T64,From 25 to 64 years,ISCED11A_5T8,Tertiary education,_T,Total,POP,Population,_Z,Not applicable,_T,Total,_Z,Not applicable,ED_NED,In education or not in education,POP,Population,_Z,Not applicable,PT_POP_SEX_AGE,Percentage of population in the same sex and age,OBS,Observed,_Z,Not applicable,NEAC,LSO-NEAC regular data collection,A,Annual,2025,,28.1170835060568,,A,Normal value,,,0,Units,1,One
DATAFLOW,OECD.EDU.IMEP:DSD_EAG_LSO_EA@DF_LSO_NEAC_DISTR_EA(1.0),"Adults' educational attainment distribution, by age group and gender",I,BGR,Bulgaria,_T,Total,Y25T64,From 25 to 64 years,ISCED11A_5T8,Tertiary education,_T,Total,POP,Population,_Z,Not applicable,_T,Total,_Z,Not applicable,ED_NED,In education or not in education,POP,Population,_Z,Not applicable,PT_POP_SEX_AGE,Percentage of population in the same sex and age,OBS,Observed,_Z,Not applicable,NEAC,LSO-NEAC regular data collection,A,Annual,2025,,35.6725691865982,,A,Normal value,,,0,Units,1,One
DATAFLOW,OECD.EDU.IMEP:DSD_EAG_LSO_EA@DF_LSO_NEAC_DISTR_EA(1.0),"Adults' educational attainment distribution, by age group and gender",I,HRV,Croatia,_T,Total,Y25T64,From 25 to 64 years,ISCED11A_5T8,Tertiary education,_T,Total,POP,Population,_Z,Not applicable,_T,Total,_Z,Not applicable,ED_NED,In education or not in education,POP,Population,_Z,Not applicable,PT_POP_SEX_AGE,Percentage of population in the same sex and age,OBS,Observed,_Z,Not applicable,NEAC,LSO-NEAC regular data collection,A,Annual,2025,,31.026526693538,,A,Normal value,,,0,Units,1,One
DATAFLOW,OECD.EDU.IMEP:DSD_EAG_LSO_EA@DF_LSO_NEAC_DISTR_EA(1.0),"Adults' educational attainment distribution, by age group and gender",I,ROU,Romania,_T,Total,Y25T64,From 25 to 64 years,ISCED11A_5T8,Tertiary education,_T,Total,POP,Population,_Z,Not applicable,_T,Total,_Z,Not applicable,ED_NED,In education or not in education,POP,Population,_Z,Not applicable,PT_POP_SEX_AGE,Percentage of population in the same sex and age,OBS,Observed,_Z,Not applicable,NEAC,LSO-NEAC regular data collection,A,Annual,2025,,19.4512718479831,,A,Normal value,,,0,Units,1,One
DATAFLOW,OECD.EDU.IMEP:DSD_EAG_LSO_EA@DF_LSO_NEAC_DISTR_EA(1.0),"Adults' educational attainment distribution, by age group and gender",I,AUT,Austria,_T,Total,Y25T64,From 25 to 64 years,ISCED11A_5T8,Tertiary education,_T,Total,POP,Population,_Z,Not applicable,_T,Total,_Z,Not applicable,ED_NED,In education or not in education,POP,Population,_Z,Not applicable,PT_POP_SEX_AGE,Percentage of population in the same sex and age,OBS,Observed,_Z,Not applicable,NEAC,LSO-NEAC regular data collection,A,Annual,2019,,33.773777,,A,Normal value,,,0,Units,1,One
DATAFLOW,OECD.EDU.IMEP:DSD_EAG_LSO_EA@DF_LSO_NEAC_DISTR_EA(1.0),"Adults' educational attainment distribution, by age group and gender",I,BEL,Belgium,_T,Total,Y25T64,From 25 to 64 years,ISCED11A_5T8,Tertiary education,_T,Total,POP,Population,_Z,Not applicable,_T,Total,_Z,Not applicable,ED_NED,In education or not in education,POP,Population,_Z,Not applicable,PT_POP_SEX_AGE,Percentage of population in the same sex and age,OBS,Observed,_Z,Not applicable,NEAC,LSO-NEAC regular data collection,A,Annual,2019,,40.67009,,A,Normal value,,,0,Units,1,One
DATAFLOW,OECD.EDU.IMEP:DSD_EAG_LSO_EA@DF_LSO_NEAC_DISTR_EA(1.0),"Adults' educational attainment distribution, by age group and gender",I,CZE,Czechia,_T,Total,Y25T64,From 25 to 64 years,ISCED11A_5T8,Tertiary education,_T,Total,POP,Population,_Z,Not applicable,_T,Total,_Z,Not applicable,ED_NED,In education or not in education,POP,Population,_Z,Not applicable,PT_POP_SEX_AGE,Percentage of population in the same sex and age,OBS,Observed,_Z,Not applicable,NEAC,LSO-NEAC regular data collection,A,Annual,2019,,24.212393,,A,Normal value,,,0,Units,1,One
DATAFLOW,OECD.EDU.IMEP:DSD_EAG_LSO_EA@DF_LSO_NEAC_DISTR_EA(1.0),"Adults' educational attainment distribution, by age group and gender",I,DNK,Denmark,_T,Total,Y25T64,From 25 to 64 years,ISCED11A_5T8,Tertiary education,_T,Total,POP,Population,_Z,Not applicable,_T,Total,_Z,Not applicable,ED_NED,In education or not in education,POP,Population,_Z,Not applicable,PT_POP_SEX_AGE,Percentage of population in the same sex and age,OBS,Observed,_Z,Not applicable,NEAC,LSO-NEAC regular data collection,A,Annual,2019,,40.353836,,A,Normal value,,,0,Units,1,One
DATAFLOW,OECD.EDU.IMEP:DSD_EAG_LSO_EA@DF_LSO_NEAC_DISTR_EA(1.0),"Adults' educational attainment distribution, by age group and gender",I,EST,Estonia,_T,Total,Y25T64,From 25 to 64 years,ISCED11A_5T8,Tertiary education,_T,Total,POP,Population,_Z,Not applicable,_T,Total,_Z,Not applicable,ED_NED,In education or not in education,POP,Population,_Z,Not applicable,PT_POP_SEX_AGE,Percentage of population in the same sex and age,OBS,Observed,_Z,Not applicable,NEAC,LSO-NEAC regular data collection,A,Annual,2019,,41.368298,,A,Normal value,,,0,Units,1,One
DATAFLOW,OECD.EDU.IMEP:DSD_EAG_LSO_EA@DF_LSO_NEAC_DISTR_EA(1.0),"Adults' educational attainment distribution, by age group and gender",I,FIN,Finland,_T,Total,Y25T64,From 25 to 64 years,ISCED11A_5T8,Tertiary education,_T,Total,POP,Population,_Z,Not applicable,_T,Total,_Z,Not applicable,ED_NED,In education or not in education,POP,Population,_Z,Not applicable,PT_POP_SEX_AGE,Percentage of population in the same sex and age,OBS,Observed,_Z,Not applicable,NEAC,LSO-NEAC regular data collection,A,Annual,2019,,45.93438,,A,Normal value,,,0,Units,1,One
DATAFLOW,OECD.EDU.IMEP:DSD_EAG_LSO_EA@DF_LSO_NEAC_DISTR_EA(1.0),"Adults' educational attainment distribution, by age group and gender",I,FRA,France,_T,Total,Y25T64,From 25 to 64 years,ISCED11A_5T8,Tertiary education,_T,Total,POP,Population,_Z,Not applicable,_T,Total,_Z,Not applicable,ED_NED,In education or not in education,POP,Population,_Z,Not applicable,PT_POP_SEX_AGE,Percentage of population in the same sex and age,OBS,Observed,_Z,Not applicable,NEAC,LSO-NEAC regular data collection,A,Annual,2019,,37.90472412109375,,A,Normal value,,,0,Units,1,One
DATAFLOW,OECD.EDU.IMEP:DSD_EAG_LSO_EA@DF_LSO_NEAC_DISTR_EA(1.0),"Adults' educational attainment distribution, by age group and gender",I,DEU,Germany,_T,Total,Y25T64,From 25 to 64 years,ISCED11A_5T8,Tertiary education,_T,Total,POP,Population,_Z,Not applicable,_T,Total,_Z,Not applicable,ED_NED,In education or not in education,POP,Population,_Z,Not applicable,PT_POP_SEX_AGE,Percentage of population in the same sex and age,OBS,Observed,_Z,Not applicable,NEAC,LSO-NEAC regular data collection,A,Annual,2019,,29.900126,,A,Normal value,,,0,Units,1,One
DATAFLOW,OECD.EDU.IMEP:DSD_EAG_LSO_EA@DF_LSO_NEAC_DISTR_EA(1.0),"Adults' educational attainment distribution, by age group and gender",I,GRC,Greece,_T,Total,Y25T64,From 25 to 64 years,ISCED11A_5T8,Tertiary education,_T,Total,POP,Population,_Z,Not applicable,_T,Total,_Z,Not applicable,ED_NED,In education or not in education,POP,Population,_Z,Not applicable,PT_POP_SEX_AGE,Percentage of population in the same sex and age,OBS,Observed,_Z,Not applicable,NEAC,LSO-NEAC regular data collection,A,Annual,2019,,31.890486,,A,Normal value,,,0,Units,1,One
DATAFLOW,OECD.EDU.IMEP:DSD_EAG_LSO_EA@DF_LSO_NEAC_DISTR_EA(1.0),"Adults' educational attainment distribution, by age group and gender",I,HUN,Hungary,_T,Total,Y25T64,From 25 to 64 years,ISCED11A_5T8,Tertiary education,_T,Total,POP,Population,_Z,Not applicable,_T,Total,_Z,Not applicable,ED_NED,In education or not in education,POP,Population,_Z,Not applicable,PT_POP_SEX_AGE,Percentage of population in the same sex and age,OBS,Observed,_Z,Not applicable,NEAC,LSO-NEAC regular data collection,A,Annual,2019,,25.981535,,A,Normal value,,,0,Units,1,One
DATAFLOW,OECD.EDU.IMEP:DSD_EAG_LSO_EA@DF_LSO_NEAC_DISTR_EA(1.0),"Adults' educational attainment distribution, by age group and gender",I,IRL,Ireland,_T,Total,Y25T64,From 25 to 64 years,ISCED11A_5T8,Tertiary education,_T,Total,POP,Population,_Z,Not applicable,_T,Total,_Z,Not applicable,ED_NED,In education or not in education,POP,Population,_Z,Not applicable,PT_POP_SEX_AGE,Percentage of population in the same sex and age,OBS,Observed,_Z,Not applicable,NEAC,LSO-NEAC regular data collection,A,Annual,2019,,47.306835,,A,Normal value,,,0,Units,1,One
DATAFLOW,OECD.EDU.IMEP:DSD_EAG_LSO_EA@DF_LSO_NEAC_DISTR_EA(1.0),"Adults' educational attainment distribution, by age group and gender",I,ITA,Italy,_T,Total,Y25T64,From 25 to 64 years,ISCED11A_5T8,Tertiary education,_T,Total,POP,Population,_Z,Not applicable,_T,Total,_Z,Not applicable,ED_NED,In education or not in education,POP,Population,_Z,Not applicable,PT_POP_SEX_AGE,Percentage of population in the same sex and age,OBS,Observed,_Z,Not applicable,NEAC,LSO-NEAC regular data collection,A,Annual,2019,,19.695461,,A,Normal value,,,0,Units,1,One
DATAFLOW,OECD.EDU.IMEP:DSD_EAG_LSO_EA@DF_LSO_NEAC_DISTR_EA(1.0),"Adults' educational attainment distribution, by age group and gender",I,LVA,Latvia,_T,Total,Y25T64,From 25 to 64 years,ISCED11A_5T8,Tertiary education,_T,Total,POP,Population,_Z,Not applicable,_T,Total,_Z,Not applicable,ED_NED,In education or not in education,POP,Population,_Z,Not applicable,PT_POP_SEX_AGE,Percentage of population in the same sex and age,OBS,Observed,_Z,Not applicable,NEAC,LSO-NEAC regular data collection,A,Annual,2019,,35.707733,,A,Normal value,,,0,Units,1,One
DATAFLOW,OECD.EDU.IMEP:DSD_EAG_LSO_EA@DF_LSO_NEAC_DISTR_EA(1.0),"Adults' educational attainment distribution, by age group and gender",I,LTU,Lithuania,_T,Total,Y25T64,From 25 to 64 years,ISCED11A_5T8,Tertiary education,_T,Total,POP,Population,_Z,Not applicable,_T,Total,_Z,Not applicable,ED_NED,In education or not in education,POP,Population,_Z,Not applicable,PT_POP_SEX_AGE,Percentage of population in the same sex and age,OBS,Observed,_Z,Not applicable,NEAC,LSO-NEAC regular data collection,A,Annual,2019,,43.149418,,A,Normal value,,,0,Units,1,One
DATAFLOW,OECD.EDU.IMEP:DSD_EAG_LSO_EA@DF_LSO_NEAC_DISTR_EA(1.0),"Adults' educational attainment distribution, by age group and gender",I,LUX,Luxembourg,_T,Total,Y25T64,From 25 to 64 years,ISCED11A_5T8,Tertiary education,_T,Total,POP,Population,_Z,Not applicable,_T,Total,_Z,Not applicable,ED_NED,In education or not in education,POP,Population,_Z,Not applicable,PT_POP_SEX_AGE,Percentage of population in the same sex and age,OBS,Observed,_Z,Not applicable,NEAC,LSO-NEAC regular data collection,A,Annual,2019,,51.642971,,A,Normal value,,,0,Units,1,One
DATAFLOW,OECD.EDU.IMEP:DSD_EAG_LSO_EA@DF_LSO_NEAC_DISTR_EA(1.0),"Adults' educational attainment distribution, by age group and gender",I,NLD,Netherlands,_T,Total,Y25T64,From 25 to 64 years,ISCED11A_5T8,Tertiary education,_T,Total,POP,Population,_Z,Not applicable,_T,Total,_Z,Not applicable,ED_NED,In education or not in education,POP,Population,_Z,Not applicable,PT_POP_SEX_AGE,Percentage of population in the same sex and age,OBS,Observed,_Z,Not applicable,NEAC,LSO-NEAC regular data collection,A,Annual,2019,,40.813927,,A,Normal value,,,0,Units,1,One
DATAFLOW,OECD.EDU.IMEP:DSD_EAG_LSO_EA@DF_LSO_NEAC_DISTR_EA(1.0),"Adults' educational attainment distribution, by age group and gender",I,NOR,Norway,_T,Total,Y25T64,From 25 to 64 years,ISCED11A_5T8,Tertiary education,_T,Total,POP,Population,_Z,Not applicable,_T,Total,_Z,Not applicable,ED_NED,In education or not in education,POP,Population,_Z,Not applicable,PT_POP_SEX_AGE,Percentage of population in the same sex and age,OBS,Observed,_Z,Not applicable,NEAC,LSO-NEAC regular data collection,A,Annual,2019,,44.129421,,A,Normal value,,,0,Units,1,One
DATAFLOW,OECD.EDU.IMEP:DSD_EAG_LSO_EA@DF_LSO_NEAC_DISTR_EA(1.0),"Adults' educational attainment distribution, by age group and gender",I,POL,Poland,_T,Total,Y25T64,From 25 to 64 years,ISCED11A_5T8,Tertiary education,_T,Total,POP,Population,_Z,Not applicable,_T,Total,_Z,Not applicable,ED_NED,In education or not in education,POP,Population,_Z,Not applicable,PT_POP_SEX_AGE,Percentage of population in the same sex and age,OBS,Observed,_Z,Not applicable,NEAC,LSO-NEAC regular data collection,A,Annual,2019,,32.014767,,A,Normal value,,,0,Units,1,One
DATAFLOW,OECD.EDU.IMEP:DSD_EAG_LSO_EA@DF_LSO_NEAC_DISTR_EA(1.0),"Adults' educational attainment distribution, by age group and gender",I,PRT,Portugal,_T,Total,Y25T64,From 25 to 64 years,ISCED11A_5T8,Tertiary education,_T,Total,POP,Population,_Z,Not applicable,_T,Total,_Z,Not applicable,ED_NED,In education or not in education,POP,Population,_Z,Not applicable,PT_POP_SEX_AGE,Percentage of population in the same sex and age,OBS,Observed,_Z,Not applicable,NEAC,LSO-NEAC regular data collection,A,Annual,2019,,26.39628791809082,,A,Normal value,,,0,Units,1,One
DATAFLOW,OECD.EDU.IMEP:DSD_EAG_LSO_EA@DF_LSO_NEAC_DISTR_EA(1.0),"Adults' educational attainment distribution, by age group and gender",I,SVK,Slovak Republic,_T,Total,Y25T64,From 25 to 64 years,ISCED11A_5T8,Tertiary education,_T,Total,POP,Population,_Z,Not applicable,_T,Total,_Z,Not applicable,ED_NED,In education or not in education,POP,Population,_Z,Not applicable,PT_POP_SEX_AGE,Percentage of population in the same sex and age,OBS,Observed,_Z,Not applicable,NEAC,LSO-NEAC regular data collection,A,Annual,2019,,25.786274,,A,Normal value,,,0,Units,1,One
DATAFLOW,OECD.EDU.IMEP:DSD_EAG_LSO_EA@DF_LSO_NEAC_DISTR_EA(1.0),"Adults' educational attainment distribution, by age group and gender",I,SVN,Slovenia,_T,Total,Y25T64,From 25 to 64 years,ISCED11A_5T8,Tertiary education,_T,Total,POP,Population,_Z,Not applicable,_T,Total,_Z,Not applicable,ED_NED,In education or not in education,POP,Population,_Z,Not applicable,PT_POP_SEX_AGE,Percentage of population in the same sex and age,OBS,Observed,_Z,Not applicable,NEAC,LSO-NEAC regular data collection,A,Annual,2019,,33.283279,,A,Normal value,,,0,Units,1,One
DATAFLOW,OECD.EDU.IMEP:DSD_EAG_LSO_EA@DF_LSO_NEAC_DISTR_EA(1.0),"Adults' educational attainment distribution, by age group and gender",I,ESP,Spain,_T,Total,Y25T64,From 25 to 64 years,ISCED11A_5T8,Tertiary education,_T,Total,POP,Population,_Z,Not applicable,_T,Total,_Z,Not applicable,ED_NED,In education or not in education,POP,Population,_Z,Not applicable,PT_POP_SEX_AGE,Percentage of population in the same sex and age,OBS,Observed,_Z,Not applicable,NEAC,LSO-NEAC regular data collection,A,Annual,2019,,38.596992,,A,Normal value,,,0,Units,1,One
DATAFLOW,OECD.EDU.IMEP:DSD_EAG_LSO_EA@DF_LSO_NEAC_DISTR_EA(1.0),"Adults' educational attainment distribution, by age group and gender",I,SWE,Sweden,_T,Total,Y25T64,From 25 to 64 years,ISCED11A_5T8,Tertiary education,_T,Total,POP,Population,_Z,Not applicable,_T,Total,_Z,Not applicable,ED_NED,In education or not in education,POP,Population,_Z,Not applicable,PT_POP_SEX_AGE,Percentage of population in the same sex and age,OBS,Observed,_Z,Not applicable,NEAC,LSO-NEAC regular data collection,A,Annual,2019,,43.970543,,A,Normal value,,,0,Units,1,One
DATAFLOW,OECD.EDU.IMEP:DSD_EAG_LSO_EA@DF_LSO_NEAC_DISTR_EA(1.0),"Adults' educational attainment distribution, by age group and gender",I,TUR,Türkiye,_T,Total,Y25T64,From 25 to 64 years,ISCED11A_5T8,Tertiary education,_T,Total,POP,Population,_Z,Not applicable,_T,Total,_Z,Not applicable,ED_NED,In education or not in education,POP,Population,_Z,Not applicable,PT_POP_SEX_AGE,Percentage of population in the same sex and age,OBS,Observed,_Z,Not applicable,NEAC,LSO-NEAC regular data collection,A,Annual,2019,,21.951159,,A,Normal value,,,0,Units,1,One
DATAFLOW,OECD.EDU.IMEP:DSD_EAG_LSO_EA@DF_LSO_NEAC_DISTR_EA(1.0),"Adults' educational attainment distribution, by age group and gender",I,BGR,Bulgaria,_T,Total,Y25T64,From 25 to 64 years,ISCED11A_5T8,Tertiary education,_T,Total,POP,Population,_Z,Not applicable,_T,Total,_Z,Not applicable,ED_NED,In education or not in education,POP,Population,_Z,Not applicable,PT_POP_SEX_AGE,Percentage of population in the same sex and age,OBS,Observed,_Z,Not applicable,NEAC,LSO-NEAC regular data collection,A,Annual,2019,,28.11508560180664,,A,Normal value,,,0,Units,1,One
DATAFLOW,OECD.EDU.IMEP:DSD_EAG_LSO_EA@DF_LSO_NEAC_DISTR_EA(1.0),"Adults' educational attainment distribution, by age group and gender",I,HRV,Croatia,_T,Total,Y25T64,From 25 to 64 years,ISCED11A_5T8,Tertiary education,_T,Total,POP,Population,_Z,Not applicable,_T,Total,_Z,Not applicable,ED_NED,In education or not in education,POP,Population,_Z,Not applicable,PT_POP_SEX_AGE,Percentage of population in the same sex and age,OBS,Observed,_Z,Not applicable,NEAC,LSO-NEAC regular data collection,A,Annual,2019,,25.18015098571777,,A,Normal value,,,0,Units,1,One
DATAFLOW,OECD.EDU.IMEP:DSD_EAG_LSO_EA@DF_LSO_NEAC_DISTR_EA(1.0),"Adults' educational attainment distribution, by age group and gender",I,ROU,Romania,_T,Total,Y25T64,From 25 to 64 years,ISCED11A_5T8,Tertiary education,_T,Total,POP,Population,_Z,Not applicable,_T,Total,_Z,Not applicable,ED_NED,In education or not in education,POP,Population,_Z,Not applicable,PT_POP_SEX_AGE,Percentage of population in the same sex and age,OBS,Observed,_Z,Not applicable,NEAC,LSO-NEAC regular data collection,A,Annual,2019,,18.44942665100098,,A,Normal value,,,0,Units,1,One
DATAFLOW,OECD.EDU.IMEP:DSD_EAG_LSO_EA@DF_LSO_NEAC_DISTR_EA(1.0),"Adults' educational attainment distribution, by age group and gender",I,AUT,Austria,_T,Total,Y25T64,From 25 to 64 years,ISCED11A_5T8,Tertiary education,_T,Total,POP,Population,_Z,Not applicable,_T,Total,_Z,Not applicable,ED_NED,In education or not in education,POP,Population,_Z,Not applicable,PT_POP_SEX_AGE,Percentage of population in the same sex and age,OBS,Observed,_Z,Not applicable,NEAC,LSO-NEAC regular data collection,A,Annual,2020,,34.205894,,A,Normal value,,,0,Units,1,One
DATAFLOW,OECD.EDU.IMEP:DSD_EAG_LSO_EA@DF_LSO_NEAC_DISTR_EA(1.0),"Adults' educational attainment distribution, by age group and gender",I,BEL,Belgium,_T,Total,Y25T64,From 25 to 64 years,ISCED11A_5T8,Tertiary education,_T,Total,POP,Population,_Z,Not applicable,_T,Total,_Z,Not applicable,ED_NED,In education or not in education,POP,Population,_Z,Not applicable,PT_POP_SEX_AGE,Percentage of population in the same sex and age,OBS,Observed,_Z,Not applicable,NEAC,LSO-NEAC regular data collection,A,Annual,2020,,42.442284,,A,Normal value,,,0,Units,1,One
DATAFLOW,OECD.EDU.IMEP:DSD_EAG_LSO_EA@DF_LSO_NEAC_DISTR_EA(1.0),"Adults' educational attainment distribution, by age group and gender",I,CZE,Czechia,_T,Total,Y25T64,From 25 to 64 years,ISCED11A_5T8,Tertiary education,_T,Total,POP,Population,_Z,Not applicable,_T,Total,_Z,Not applicable,ED_NED,In education or not in education,POP,Population,_Z,Not applicable,PT_POP_SEX_AGE,Percentage of population in the same sex and age,OBS,Observed,_Z,Not applicable,NEAC,LSO-NEAC regular data collection,A,Annual,2020,,24.853664,,A,Normal value,,,0,Units,1,One
DATAFLOW,OECD.EDU.IMEP:DSD_EAG_LSO_EA@DF_LSO_NEAC_DISTR_EA(1.0),"Adults' educational attainment distribution, by age group and gender",I,DNK,Denmark,_T,Total,Y25T64,From 25 to 64 years,ISCED11A_5T8,Tertiary education,_T,Total,POP,Population,_Z,Not applicable,_T,Total,_Z,Not applicable,ED_NED,In education or not in education,POP,Population,_Z,Not applicable,PT_POP_SEX_AGE,Percentage of population in the same sex and age,OBS,Observed,_Z,Not applicable,NEAC,LSO-NEAC regular data collection,A,Annual,2020,,39.326214,,A,Normal value,,,0,Units,1,One
DATAFLOW,OECD.EDU.IMEP:DSD_EAG_LSO_EA@DF_LSO_NEAC_DISTR_EA(1.0),"Adults' educational attainment distribution, by age group and gender",I,EST,Estonia,_T,Total,Y25T64,From 25 to 64 years,ISCED11A_5T8,Tertiary education,_T,Total,POP,Population,_Z,Not applicable,_T,Total,_Z,Not applicable,ED_NED,In education or not in education,POP,Population,_Z,Not applicable,PT_POP_SEX_AGE,Percentage of population in the same sex and age,OBS,Observed,_Z,Not applicable,NEAC,LSO-NEAC regular data collection,A,Annual,2020,,42.209454,,A,Normal value,,,0,Units,1,One
DATAFLOW,OECD.EDU.IMEP:DSD_EAG_LSO_EA@DF_LSO_NEAC_DISTR_EA(1.0),"Adults' educational attainment distribution, by age group and gender",I,FIN,Finland,_T,Total,Y25T64,From 25 to 64 years,ISCED11A_5T8,Tertiary education,_T,Total,POP,Population,_Z,Not applicable,_T,Total,_Z,Not applicable,ED_NED,In education or not in education,POP,Population,_Z,Not applicable,PT_POP_SEX_AGE,Percentage of population in the same sex and age,OBS,Observed,_Z,Not applicable,NEAC,LSO-NEAC regular data collection,A,Annual,2020,,47.874241,,A,Normal value,,,0,Units,1,One
DATAFLOW,OECD.EDU.IMEP:DSD_EAG_LSO_EA@DF_LSO_NEAC_DISTR_EA(1.0),"Adults' educational attainment distribution, by age group and gender",I,FRA,France,_T,Total,Y25T64,From 25 to 64 years,ISCED11A_5T8,Tertiary education,_T,Total,POP,Population,_Z,Not applicable,_T,Total,_Z,Not applicable,ED_NED,In education or not in education,POP,Population,_Z,Not applicable,PT_POP_SEX_AGE,Percentage of population in the same sex and age,OBS,Observed,_Z,Not applicable,NEAC,LSO-NEAC regular data collection,A,Annual,2020,,39.71731567382813,,A,Normal value,,,0,Units,1,One
DATAFLOW,OECD.EDU.IMEP:DSD_EAG_LSO_EA@DF_LSO_NEAC_DISTR_EA(1.0),"Adults' educational attainment distribution, by age group and gender",I,DEU,Germany,_T,Total,Y25T64,From 25 to 64 years,ISCED11A_5T8,Tertiary education,_T,Total,POP,Population,_Z,Not applicable,_T,Total,_Z,Not applicable,ED_NED,In education or not in education,POP,Population,_Z,Not applicable,PT_POP_SEX_AGE,Percentage of population in the same sex and age,OBS,Observed,_Z,Not applicable,NEAC,LSO-NEAC regular data collection,A,Annual,2020,,31.21740341186523,,A,Normal value,,,0,Units,1,One
DATAFLOW,OECD.EDU.IMEP:DSD_EAG_LSO_EA@DF_LSO_NEAC_DISTR_EA(1.0),"Adults' educational attainment distribution, by age group and gender",I,GRC,Greece,_T,Total,Y25T64,From 25 to 64 years,ISCED11A_5T8,Tertiary education,_T,Total,POP,Population,_Z,Not applicable,_T,Total,_Z,Not applicable,ED_NED,In education or not in education,POP,Population,_Z,Not applicable,PT_POP_SEX_AGE,Percentage of population in the same sex and age,OBS,Observed,_Z,Not applicable,NEAC,LSO-NEAC regular data collection,A,Annual,2020,,32.744011,,A,Normal value,,,0,Units,1,One
DATAFLOW,OECD.EDU.IMEP:DSD_EAG_LSO_EA@DF_LSO_NEAC_DISTR_EA(1.0),"Adults' educational attainment distribution, by age group and gender",I,HUN,Hungary,_T,Total,Y25T64,From 25 to 64 years,ISCED11A_5T8,Tertiary education,_T,Total,POP,Population,_Z,Not applicable,_T,Total,_Z,Not applicable,ED_NED,In education or not in education,POP,Population,_Z,Not applicable,PT_POP_SEX_AGE,Percentage of population in the same sex and age,OBS,Observed,_Z,Not applicable,NEAC,LSO-NEAC regular data collection,A,Annual,2020,,27.203154,,A,Normal value,,,0,Units,1,One
DATAFLOW,OECD.EDU.IMEP:DSD_EAG_LSO_EA@DF_LSO_NEAC_DISTR_EA(1.0),"Adults' educational attainment distribution, by age group and gender",I,IRL,Ireland,_T,Total,Y25T64,From 25 to 64 years,ISCED11A_5T8,Tertiary education,_T,Total,POP,Population,_Z,Not applicable,_T,Total,_Z,Not applicable,ED_NED,In education or not in education,POP,Population,_Z,Not applicable,PT_POP_SEX_AGE,Percentage of population in the same sex and age,OBS,Observed,_Z,Not applicable,NEAC,LSO-NEAC regular data collection,A,Annual,2020,,49.943962,,A,Normal value,,,0,Units,1,One
DATAFLOW,OECD.EDU.IMEP:DSD_EAG_LSO_EA@DF_LSO_NEAC_DISTR_EA(1.0),"Adults' educational attainment distribution, by age group and gender",I,ITA,Italy,_T,Total,Y25T64,From 25 to 64 years,ISCED11A_5T8,Tertiary education,_T,Total,POP,Population,_Z,Not applicable,_T,Total,_Z,Not applicable,ED_NED,In education or not in education,POP,Population,_Z,Not applicable,PT_POP_SEX_AGE,Percentage of population in the same sex and age,OBS,Observed,_Z,Not applicable,NEAC,LSO-NEAC regular data collection,A,Annual,2020,,19.987385,,A,Normal value,,,0,Units,1,One
DATAFLOW,OECD.EDU.IMEP:DSD_EAG_LSO_EA@DF_LSO_NEAC_DISTR_EA(1.0),"Adults' educational attainment distribution, by age group and gender",I,LVA,Latvia,_T,Total,Y25T64,From 25 to 64 years,ISCED11A_5T8,Tertiary education,_T,Total,POP,Population,_Z,Not applicable,_T,Total,_Z,Not applicable,ED_NED,In education or not in education,POP,Population,_Z,Not applicable,PT_POP_SEX_AGE,Percentage of population in the same sex and age,OBS,Observed,_Z,Not applicable,NEAC,LSO-NEAC regular data collection,A,Annual,2020,,37.833885,,A,Normal value,,,0,Units,1,One
DATAFLOW,OECD.EDU.IMEP:DSD_EAG_LSO_EA@DF_LSO_NEAC_DISTR_EA(1.0),"Adults' educational attainment distribution, by age group and gender",I,LTU,Lithuania,_T,Total,Y25T64,From 25 to 64 years,ISCED11A_5T8,Tertiary education,_T,Total,POP,Population,_Z,Not applicable,_T,Total,_Z,Not applicable,ED_NED,In education or not in education,POP,Population,_Z,Not applicable,PT_POP_SEX_AGE,Percentage of population in the same sex and age,OBS,Observed,_Z,Not applicable,NEAC,LSO-NEAC regular data collection,A,Annual,2020,,44.13818,,A,Normal value,,,0,Units,1,One
DATAFLOW,OECD.EDU.IMEP:DSD_EAG_LSO_EA@DF_LSO_NEAC_DISTR_EA(1.0),"Adults' educational attainment distribution, by age group and gender",I,LUX,Luxembourg,_T,Total,Y25T64,From 25 to 64 years,ISCED11A_5T8,Tertiary education,_T,Total,POP,Population,_Z,Not applicable,_T,Total,_Z,Not applicable,ED_NED,In education or not in education,POP,Population,_Z,Not applicable,PT_POP_SEX_AGE,Percentage of population in the same sex and age,OBS,Observed,_Z,Not applicable,NEAC,LSO-NEAC regular data collection,A,Annual,2020,,51.312302,,A,Normal value,,,0,Units,1,One
DATAFLOW,OECD.EDU.IMEP:DSD_EAG_LSO_EA@DF_LSO_NEAC_DISTR_EA(1.0),"Adults' educational attainment distribution, by age group and gender",I,NLD,Netherlands,_T,Total,Y25T64,From 25 to 64 years,ISCED11A_5T8,Tertiary education,_T,Total,POP,Population,_Z,Not applicable,_T,Total,_Z,Not applicable,ED_NED,In education or not in education,POP,Population,_Z,Not applicable,PT_POP_SEX_AGE,Percentage of population in the same sex and age,OBS,Observed,_Z,Not applicable,NEAC,LSO-NEAC regular data collection,A,Annual,2020,,42.05917,,A,Normal value,,,0,Units,1,One
DATAFLOW,OECD.EDU.IMEP:DSD_EAG_LSO_EA@DF_LSO_NEAC_DISTR_EA(1.0),"Adults' educational attainment distribution, by age group and gender",I,NOR,Norway,_T,Total,Y25T64,From 25 to 64 years,ISCED11A_5T8,Tertiary education,_T,Total,POP,Population,_Z,Not applicable,_T,Total,_Z,Not applicable,ED_NED,In education or not in education,POP,Population,_Z,Not applicable,PT_POP_SEX_AGE,Percentage of population in the same sex and age,OBS,Observed,_Z,Not applicable,NEAC,LSO-NEAC regular data collection,A,Annual,2020,,45.273285,,A,Normal value,,,0,Units,1,One
DATAFLOW,OECD.EDU.IMEP:DSD_EAG_LSO_EA@DF_LSO_NEAC_DISTR_EA(1.0),"Adults' educational attainment distribution, by age group and gender",I,POL,Poland,_T,Total,Y25T64,From 25 to 64 years,ISCED11A_5T8,Tertiary education,_T,Total,POP,Population,_Z,Not applicable,_T,Total,_Z,Not applicable,ED_NED,In education or not in education,POP,Population,_Z,Not applicable,PT_POP_SEX_AGE,Percentage of population in the same sex and age,OBS,Observed,_Z,Not applicable,NEAC,LSO-NEAC regular data collection,A,Annual,2020,,32.875156,,A,Normal value,,,0,Units,1,One
DATAFLOW,OECD.EDU.IMEP:DSD_EAG_LSO_EA@DF_LSO_NEAC_DISTR_EA(1.0),"Adults' educational attainment distribution, by age group and gender",I,PRT,Portugal,_T,Total,Y25T64,From 25 to 64 years,ISCED11A_5T8,Tertiary education,_T,Total,POP,Population,_Z,Not applicable,_T,Total,_Z,Not applicable,ED_NED,In education or not in education,POP,Population,_Z,Not applicable,PT_POP_SEX_AGE,Percentage of population in the same sex and age,OBS,Observed,_Z,Not applicable,NEAC,LSO-NEAC regular data collection,A,Annual,2020,,27.45695877075195,,A,Normal value,,,0,Units,1,One
DATAFLOW,OECD.EDU.IMEP:DSD_EAG_LSO_EA@DF_LSO_NEAC_DISTR_EA(1.0),"Adults' educational attainment distribution, by age group and gender",I,SVK,Slovak Republic,_T,Total,Y25T64,From 25 to 64 years,ISCED11A_5T8,Tertiary education,_T,Total,POP,Population,_Z,Not applicable,_T,Total,_Z,Not applicable,ED_NED,In education or not in education,POP,Population,_Z,Not applicable,PT_POP_SEX_AGE,Percentage of population in the same sex and age,OBS,Observed,_Z,Not applicable,NEAC,LSO-NEAC regular data collection,A,Annual,2020,,26.773348,,A,Normal value,,,0,Units,1,One
DATAFLOW,OECD.EDU.IMEP:DSD_EAG_LSO_EA@DF_LSO_NEAC_DISTR_EA(1.0),"Adults' educational attainment distribution, by age group and gender",I,SVN,Slovenia,_T,Total,Y25T64,From 25 to 64 years,ISCED11A_5T8,Tertiary education,_T,Total,POP,Population,_Z,Not applicable,_T,Total,_Z,Not applicable,ED_NED,In education or not in education,POP,Population,_Z,Not applicable,PT_POP_SEX_AGE,Percentage of population in the same sex and age,OBS,Observed,_Z,Not applicable,NEAC,LSO-NEAC regular data collection,A,Annual,2020,,35.881027,,A,Normal value,,,0,Units,1,One
DATAFLOW,OECD.EDU.IMEP:DSD_EAG_LSO_EA@DF_LSO_NEAC_DISTR_EA(1.0),"Adults' educational attainment distribution, by age group and gender",I,ESP,Spain,_T,Total,Y25T64,From 25 to 64 years,ISCED11A_5T8,Tertiary education,_T,Total,POP,Population,_Z,Not applicable,_T,Total,_Z,Not applicable,ED_NED,In education or not in education,POP,Population,_Z,Not applicable,PT_POP_SEX_AGE,Percentage of population in the same sex and age,OBS,Observed,_Z,Not applicable,NEAC,LSO-NEAC regular data collection,A,Annual,2020,,39.68692,,A,Normal value,,,0,Units,1,One
DATAFLOW,OECD.EDU.IMEP:DSD_EAG_LSO_EA@DF_LSO_NEAC_DISTR_EA(1.0),"Adults' educational attainment distribution, by age group and gender",I,SWE,Sweden,_T,Total,Y25T64,From 25 to 64 years,ISCED11A_5T8,Tertiary education,_T,Total,POP,Population,_Z,Not applicable,_T,Total,_Z,Not applicable,ED_NED,In education or not in education,POP,Population,_Z,Not applicable,PT_POP_SEX_AGE,Percentage of population in the same sex and age,OBS,Observed,_Z,Not applicable,NEAC,LSO-NEAC regular data collection,A,Annual,2020,,44.608795,,A,Normal value,,,0,Units,1,One
DATAFLOW,OECD.EDU.IMEP:DSD_EAG_LSO_EA@DF_LSO_NEAC_DISTR_EA(1.0),"Adults' educational attainment distribution, by age group and gender",I,EU25,European Union (25 countries),_T,Total,Y25T64,From 25 to 64 years,ISCED11A_5T8,Tertiary education,_T,Total,POP,Population,_Z,Not applicable,_T,Total,_Z,Not applicable,ED_NED,In education or not in education,POP,Population,_Z,Not applicable,PT_POP_SEX_AGE,Percentage of population in the same sex and age,OBS,Observed,_Z,Not applicable,NEAC,LSO-NEAC regular data collection,A,Annual,2020,,37.01594199347478,,A,Normal value,,,0,Units,1,One
DATAFLOW,OECD.EDU.IMEP:DSD_EAG_LSO_EA@DF_LSO_NEAC_DISTR_EA(1.0),"Adults' educational attainment distribution, by age group and gender",I,OECD,OECD,_T,Total,Y25T64,From 25 to 64 years,ISCED11A_5T8,Tertiary education,_T,Total,POP,Population,_Z,Not applicable,_T,Total,_Z,Not applicable,ED_NED,In education or not in education,POP,Population,_Z,Not applicable,PT_POP_SEX_AGE,Percentage of population in the same sex and age,OBS,Observed,_Z,Not applicable,NEAC,LSO-NEAC regular data collection,A,Annual,2020,,39.19529514038745,,A,Normal value,,,0,Units,1,One
DATAFLOW,OECD.EDU.IMEP:DSD_EAG_LSO_EA@DF_LSO_NEAC_DISTR_EA(1.0),"Adults' educational attainment distribution, by age group and gender",I,AUT,Austria,_T,Total,Y25T64,From 25 to 64 years,ISCED11A_5T8,Tertiary education,_T,Total,POP,Population,_Z,Not applicable,_T,Total,_Z,Not applicable,ED_NED,In education or not in education,POP,Population,_Z,Not applicable,PT_POP_SEX_AGE,Percentage of population in the same sex and age,OBS,Observed,_Z,Not applicable,NEAC,LSO-NEAC regular data collection,A,Annual,2021,,34.604504,,A,Normal value,,,0,Units,1,One
DATAFLOW,OECD.EDU.IMEP:DSD_EAG_LSO_EA@DF_LSO_NEAC_DISTR_EA(1.0),"Adults' educational attainment distribution, by age group and gender",I,BEL,Belgium,_T,Total,Y25T64,From 25 to 64 years,ISCED11A_5T8,Tertiary education,_T,Total,POP,Population,_Z,Not applicable,_T,Total,_Z,Not applicable,ED_NED,In education or not in education,POP,Population,_Z,Not applicable,PT_POP_SEX_AGE,Percentage of population in the same sex and age,OBS,Observed,_Z,Not applicable,NEAC,LSO-NEAC regular data collection,A,Annual,2021,,44.873066,,A,Normal value,,,0,Units,1,One
DATAFLOW,OECD.EDU.IMEP:DSD_EAG_LSO_EA@DF_LSO_NEAC_DISTR_EA(1.0),"Adults' educational attainment distribution, by age group and gender",I,CZE,Czechia,_T,Total,Y25T64,From 25 to 64 years,ISCED11A_5T8,Tertiary education,_T,Total,POP,Population,_Z,Not applicable,_T,Total,_Z,Not applicable,ED_NED,In education or not in education,POP,Population,_Z,Not applicable,PT_POP_SEX_AGE,Percentage of population in the same sex and age,OBS,Observed,_Z,Not applicable,NEAC,LSO-NEAC regular data collection,A,Annual,2021,,26.537458,,A,Normal value,,,0,Units,1,One
DATAFLOW,OECD.EDU.IMEP:DSD_EAG_LSO_EA@DF_LSO_NEAC_DISTR_EA(1.0),"Adults' educational attainment distribution, by age group and gender",I,DNK,Denmark,_T,Total,Y25T64,From 25 to 64 years,ISCED11A_5T8,Tertiary education,_T,Total,POP,Population,_Z,Not applicable,_T,Total,_Z,Not applicable,ED_NED,In education or not in education,POP,Population,_Z,Not applicable,PT_POP_SEX_AGE,Percentage of population in the same sex and age,OBS,Observed,_Z,Not applicable,NEAC,LSO-NEAC regular data collection,A,Annual,2021,,41.881645,,A,Normal value,,,0,Units,1,One
DATAFLOW,OECD.EDU.IMEP:DSD_EAG_LSO_EA@DF_LSO_NEAC_DISTR_EA(1.0),"Adults' educational attainment distribution, by age group and gender",I,EST,Estonia,_T,Total,Y25T64,From 25 to 64 years,ISCED11A_5T8,Tertiary education,_T,Total,POP,Population,_Z,Not applicable,_T,Total,_Z,Not applicable,ED_NED,In education or not in education,POP,Population,_Z,Not applicable,PT_POP_SEX_AGE,Percentage of population in the same sex and age,OBS,Observed,_Z,Not applicable,NEAC,LSO-NEAC regular data collection,A,Annual,2021,,41.226608,,A,Normal value,,,0,Units,1,One
DATAFLOW,OECD.EDU.IMEP:DSD_EAG_LSO_EA@DF_LSO_NEAC_DISTR_EA(1.0),"Adults' educational attainment distribution, by age group and gender",I,FIN,Finland,_T,Total,Y25T64,From 25 to 64 years,ISCED11A_5T8,Tertiary education,_T,Total,POP,Population,_Z,Not applicable,_T,Total,_Z,Not applicable,ED_NED,In education or not in education,POP,Population,_Z,Not applicable,PT_POP_SEX_AGE,Percentage of population in the same sex and age,OBS,Observed,_Z,Not applicable,NEAC,LSO-NEAC regular data collection,A,Annual,2021,,42.33107,,A,Normal value,,,0,Units,1,One
DATAFLOW,OECD.EDU.IMEP:DSD_EAG_LSO_EA@DF_LSO_NEAC_DISTR_EA(1.0),"Adults' educational attainment distribution, by age group and gender",I,FRA,France,_T,Total,Y25T64,From 25 to 64 years,ISCED11A_5T8,Tertiary education,_T,Total,POP,Population,_Z,Not applicable,_T,Total,_Z,Not applicable,ED_NED,In education or not in education,POP,Population,_Z,Not applicable,PT_POP_SEX_AGE,Percentage of population in the same sex and age,OBS,Observed,_Z,Not applicable,NEAC,LSO-NEAC regular data collection,A,Annual,2021,,40.70306777954102,,A,Normal value,,,0,Units,1,One
DATAFLOW,OECD.EDU.IMEP:DSD_EAG_LSO_EA@DF_LSO_NEAC_DISTR_EA(1.0),"Adults' educational attainment distribution, by age group and gender",I,DEU,Germany,_T,Total,Y25T64,From 25 to 64 years,ISCED11A_5T8,Tertiary education,_T,Total,POP,Population,_Z,Not applicable,_T,Total,_Z,Not applicable,ED_NED,In education or not in education,POP,Population,_Z,Not applicable,PT_POP_SEX_AGE,Percentage of population in the same sex and age,OBS,Observed,_Z,Not applicable,NEAC,LSO-NEAC regular data collection,A,Annual,2021,,32.33222579956055,,A,Normal value,,,0,Units,1,One
DATAFLOW,OECD.EDU.IMEP:DSD_EAG_LSO_EA@DF_LSO_NEAC_DISTR_EA(1.0),"Adults' educational attainment distribution, by age group and gender",I,GRC,Greece,_T,Total,Y25T64,From 25 to 64 years,ISCED11A_5T8,Tertiary education,_T,Total,POP,Population,_Z,Not applicable,_T,Total,_Z,Not applicable,ED_NED,In education or not in education,POP,Population,_Z,Not applicable,PT_POP_SEX_AGE,Percentage of population in the same sex and age,OBS,Observed,_Z,Not applicable,NEAC,LSO-NEAC regular data collection,A,Annual,2021,,34.556225,,A,Normal value,,,0,Units,1,One
DATAFLOW,OECD.EDU.IMEP:DSD_EAG_LSO_EA@DF_LSO_NEAC_DISTR_EA(1.0),"Adults' educational attainment distribution, by age group and gender",I,HUN,Hungary,_T,Total,Y25T64,From 25 to 64 years,ISCED11A_5T8,Tertiary education,_T,Total,POP,Population,_Z,Not applicable,_T,Total,_Z,Not applicable,ED_NED,In education or not in education,POP,Population,_Z,Not applicable,PT_POP_SEX_AGE,Percentage of population in the same sex and age,OBS,Observed,_Z,Not applicable,NEAC,LSO-NEAC regular data collection,A,Annual,2021,,29.29541,,A,Normal value,,,0,Units,1,One
DATAFLOW,OECD.EDU.IMEP:DSD_EAG_LSO_EA@DF_LSO_NEAC_DISTR_EA(1.0),"Adults' educational attainment distribution, by age group and gender",I,IRL,Ireland,_T,Total,Y25T64,From 25 to 64 years,ISCED11A_5T8,Tertiary education,_T,Total,POP,Population,_Z,Not applicable,_T,Total,_Z,Not applicable,ED_NED,In education or not in education,POP,Population,_Z,Not applicable,PT_POP_SEX_AGE,Percentage of population in the same sex and age,OBS,Observed,_Z,Not applicable,NEAC,LSO-NEAC regular data collection,A,Annual,2021,,53.708744,,A,Normal value,,,0,Units,1,One
DATAFLOW,OECD.EDU.IMEP:DSD_EAG_LSO_EA@DF_LSO_NEAC_DISTR_EA(1.0),"Adults' educational attainment distribution, by age group and gender",I,ITA,Italy,_T,Total,Y25T64,From 25 to 64 years,ISCED11A_5T8,Tertiary education,_T,Total,POP,Population,_Z,Not applicable,_T,Total,_Z,Not applicable,ED_NED,In education or not in education,POP,Population,_Z,Not applicable,PT_POP_SEX_AGE,Percentage of population in the same sex and age,OBS,Observed,_Z,Not applicable,NEAC,LSO-NEAC regular data collection,A,Annual,2021,,19.983055,,A,Normal value,,,0,Units,1,One
DATAFLOW,OECD.EDU.IMEP:DSD_EAG_LSO_EA@DF_LSO_NEAC_DISTR_EA(1.0),"Adults' educational attainment distribution, by age group and gender",I,LVA,Latvia,_T,Total,Y25T64,From 25 to 64 years,ISCED11A_5T8,Tertiary education,_T,Total,POP,Population,_Z,Not applicable,_T,Total,_Z,Not applicable,ED_NED,In education or not in education,POP,Population,_Z,Not applicable,PT_POP_SEX_AGE,Percentage of population in the same sex and age,OBS,Observed,_Z,Not applicable,NEAC,LSO-NEAC regular data collection,A,Annual,2021,,39.00124,,A,Normal value,,,0,Units,1,One
DATAFLOW,OECD.EDU.IMEP:DSD_EAG_LSO_EA@DF_LSO_NEAC_DISTR_EA(1.0),"Adults' educational attainment distribution, by age group and gender",I,LTU,Lithuania,_T,Total,Y25T64,From 25 to 64 years,ISCED11A_5T8,Tertiary education,_T,Total,POP,Population,_Z,Not applicable,_T,Total,_Z,Not applicable,ED_NED,In education or not in education,POP,Population,_Z,Not applicable,PT_POP_SEX_AGE,Percentage of population in the same sex and age,OBS,Observed,_Z,Not applicable,NEAC,LSO-NEAC regular data collection,A,Annual,2021,,45.343121,,A,Normal value,,,0,Units,1,One
DATAFLOW,OECD.EDU.IMEP:DSD_EAG_LSO_EA@DF_LSO_NEAC_DISTR_EA(1.0),"Adults' educational attainment distribution, by age group and gender",I,LUX,Luxembourg,_T,Total,Y25T64,From 25 to 64 years,ISCED11A_5T8,Tertiary education,_T,Total,POP,Population,_Z,Not applicable,_T,Total,_Z,Not applicable,ED_NED,In education or not in education,POP,Population,_Z,Not applicable,PT_POP_SEX_AGE,Percentage of population in the same sex and age,OBS,Observed,_Z,Not applicable,NEAC,LSO-NEAC regular data collection,A,Annual,2021,,50.304401,,A,Normal value,,,0,Units,1,One
DATAFLOW,OECD.EDU.IMEP:DSD_EAG_LSO_EA@DF_LSO_NEAC_DISTR_EA(1.0),"Adults' educational attainment distribution, by age group and gender",I,NLD,Netherlands,_T,Total,Y25T64,From 25 to 64 years,ISCED11A_5T8,Tertiary education,_T,Total,POP,Population,_Z,Not applicable,_T,Total,_Z,Not applicable,ED_NED,In education or not in education,POP,Population,_Z,Not applicable,PT_POP_SEX_AGE,Percentage of population in the same sex and age,OBS,Observed,_Z,Not applicable,NEAC,LSO-NEAC regular data collection,A,Annual,2021,,43.059402,,A,Normal value,,,0,Units,1,One
DATAFLOW,OECD.EDU.IMEP:DSD_EAG_LSO_EA@DF_LSO_NEAC_DISTR_EA(1.0),"Adults' educational attainment distribution, by age group and gender",I,NOR,Norway,_T,Total,Y25T64,From 25 to 64 years,ISCED11A_5T8,Tertiary education,_T,Total,POP,Population,_Z,Not applicable,_T,Total,_Z,Not applicable,ED_NED,In education or not in education,POP,Population,_Z,Not applicable,PT_POP_SEX_AGE,Percentage of population in the same sex and age,OBS,Observed,_Z,Not applicable,NEAC,LSO-NEAC regular data collection,A,Annual,2021,,47.3328591749644,,A,Normal value,,,0,Units,1,One
DATAFLOW,OECD.EDU.IMEP:DSD_EAG_LSO_EA@DF_LSO_NEAC_DISTR_EA(1.0),"Adults' educational attainment distribution, by age group and gender",I,POL,Poland,_T,Total,Y25T64,From 25 to 64 years,ISCED11A_5T8,Tertiary education,_T,Total,POP,Population,_Z,Not applicable,_T,Total,_Z,Not applicable,ED_NED,In education or not in education,POP,Population,_Z,Not applicable,PT_POP_SEX_AGE,Percentage of population in the same sex and age,OBS,Observed,_Z,Not applicable,NEAC,LSO-NEAC regular data collection,A,Annual,2021,,33.66835784912109,,A,Normal value,,,0,Units,1,One
DATAFLOW,OECD.EDU.IMEP:DSD_EAG_LSO_EA@DF_LSO_NEAC_DISTR_EA(1.0),"Adults' educational attainment distribution, by age group and gender",I,PRT,Portugal,_T,Total,Y25T64,From 25 to 64 years,ISCED11A_5T8,Tertiary education,_T,Total,POP,Population,_Z,Not applicable,_T,Total,_Z,Not applicable,ED_NED,In education or not in education,POP,Population,_Z,Not applicable,PT_POP_SEX_AGE,Percentage of population in the same sex and age,OBS,Observed,_Z,Not applicable,NEAC,LSO-NEAC regular data collection,A,Annual,2021,,28.79954719543457,,A,Normal value,,,0,Units,1,One
DATAFLOW,OECD.EDU.IMEP:DSD_EAG_LSO_EA@DF_LSO_NEAC_DISTR_EA(1.0),"Adults' educational attainment distribution, by age group and gender",I,SVK,Slovak Republic,_T,Total,Y25T64,From 25 to 64 years,ISCED11A_5T8,Tertiary education,_T,Total,POP,Population,_Z,Not applicable,_T,Total,_Z,Not applicable,ED_NED,In education or not in education,POP,Population,_Z,Not applicable,PT_POP_SEX_AGE,Percentage of population in the same sex and age,OBS,Observed,_Z,Not applicable,NEAC,LSO-NEAC regular data collection,A,Annual,2021,,27.911043,,A,Normal value,,,0,Units,1,One
DATAFLOW,OECD.EDU.IMEP:DSD_EAG_LSO_EA@DF_LSO_NEAC_DISTR_EA(1.0),"Adults' educational attainment distribution, by age group and gender",I,SVN,Slovenia,_T,Total,Y25T64,From 25 to 64 years,ISCED11A_5T8,Tertiary education,_T,Total,POP,Population,_Z,Not applicable,_T,Total,_Z,Not applicable,ED_NED,In education or not in education,POP,Population,_Z,Not applicable,PT_POP_SEX_AGE,Percentage of population in the same sex and age,OBS,Observed,_Z,Not applicable,NEAC,LSO-NEAC regular data collection,A,Annual,2021,,40.300003,,A,Normal value,,,0,Units,1,One
DATAFLOW,OECD.EDU.IMEP:DSD_EAG_LSO_EA@DF_LSO_NEAC_DISTR_EA(1.0),"Adults' educational attainment distribution, by age group and gender",I,ESP,Spain,_T,Total,Y25T64,From 25 to 64 years,ISCED11A_5T8,Tertiary education,_T,Total,POP,Population,_Z,Not applicable,_T,Total,_Z,Not applicable,ED_NED,In education or not in education,POP,Population,_Z,Not applicable,PT_POP_SEX_AGE,Percentage of population in the same sex and age,OBS,Observed,_Z,Not applicable,NEAC,LSO-NEAC regular data collection,A,Annual,2021,,40.35580826,,A,Normal value,,,0,Units,1,One
DATAFLOW,OECD.EDU.IMEP:DSD_EAG_LSO_EA@DF_LSO_NEAC_DISTR_EA(1.0),"Adults' educational attainment distribution, by age group and gender",I,SWE,Sweden,_T,Total,Y25T64,From 25 to 64 years,ISCED11A_5T8,Tertiary education,_T,Total,POP,Population,_Z,Not applicable,_T,Total,_Z,Not applicable,ED_NED,In education or not in education,POP,Population,_Z,Not applicable,PT_POP_SEX_AGE,Percentage of population in the same sex and age,OBS,Observed,_Z,Not applicable,NEAC,LSO-NEAC regular data collection,A,Annual,2021,,46.55954742,,A,Normal value,,,0,Units,1,One
DATAFLOW,OECD.EDU.IMEP:DSD_EAG_LSO_EA@DF_LSO_NEAC_DISTR_EA(1.0),"Adults' educational attainment distribution, by age group and gender",I,TUR,Türkiye,_T,Total,Y25T64,From 25 to 64 years,ISCED11A_5T8,Tertiary education,_T,Total,POP,Population,_Z,Not applicable,_T,Total,_Z,Not applicable,ED_NED,In education or not in education,POP,Population,_Z,Not applicable,PT_POP_SEX_AGE,Percentage of population in the same sex and age,OBS,Observed,_Z,Not applicable,NEAC,LSO-NEAC regular data collection,A,Annual,2021,,24.452457,,A,Normal value,,,0,Units,1,One
DATAFLOW,OECD.EDU.IMEP:DSD_EAG_LSO_EA@DF_LSO_NEAC_DISTR_EA(1.0),"Adults' educational attainment distribution, by age group and gender",I,EU25,European Union (25 countries),_T,Total,Y25T64,From 25 to 64 years,ISCED11A_5T8,Tertiary education,_T,Total,POP,Population,_Z,Not applicable,_T,Total,_Z,Not applicable,ED_NED,In education or not in education,POP,Population,_Z,Not applicable,PT_POP_SEX_AGE,Percentage of population in the same sex and age,OBS,Observed,_Z,Not applicable,NEAC,LSO-NEAC regular data collection,A,Annual,2021,,37.22258366547957,,A,Normal value,,,0,Units,1,One
DATAFLOW,OECD.EDU.IMEP:DSD_EAG_LSO_EA@DF_LSO_NEAC_DISTR_EA(1.0),"Adults' educational attainment distribution, by age group and gender",I,OECD,OECD,_T,Total,Y25T64,From 25 to 64 years,ISCED11A_5T8,Tertiary education,_T,Total,POP,Population,_Z,Not applicable,_T,Total,_Z,Not applicable,ED_NED,In education or not in education,POP,Population,_Z,Not applicable,PT_POP_SEX_AGE,Percentage of population in the same sex and age,OBS,Observed,_Z,Not applicable,NEAC,LSO-NEAC regular data collection,A,Annual,2021,,39.96465773469833,,A,Normal value,,,0,Units,1,One
DATAFLOW,OECD.EDU.IMEP:DSD_EAG_LSO_EA@DF_LSO_NEAC_DISTR_EA(1.0),"Adults' educational attainment distribution, by age group and gender",I,ROU,Romania,_T,Total,Y25T64,From 25 to 64 years,ISCED11A_5T8,Tertiary education,_T,Total,POP,Population,_Z,Not applicable,_T,Total,_Z,Not applicable,ED_NED,In education or not in education,POP,Population,_Z,Not applicable,PT_POP_SEX_AGE,Percentage of population in the same sex and age,OBS,Observed,_Z,Not applicable,NEAC,LSO-NEAC regular data collection,A,Annual,2021,,18.783875,,A,Normal value,,,0,Units,1,One
DATAFLOW,OECD.EDU.IMEP:DSD_EAG_LSO_EA@DF_LSO_NEAC_DISTR_EA(1.0),"Adults' educational attainment distribution, by age group and gender",I,AUT,Austria,_T,Total,Y25T64,From 25 to 64 years,ISCED11A_5T8,Tertiary education,_T,Total,POP,Population,_Z,Not applicable,_T,Total,_Z,Not applicable,ED_NED,In education or not in education,POP,Population,_Z,Not applicable,PT_POP_SEX_AGE,Percentage of population in the same sex and age,OBS,Observed,_Z,Not applicable,NEAC,LSO-NEAC regular data collection,A,Annual,2024,,37.73565673828125,,A,Normal value,,,0,Units,1,One
DATAFLOW,OECD.EDU.IMEP:DSD_EAG_LSO_EA@DF_LSO_NEAC_DISTR_EA(1.0),"Adults' educational attainment distribution, by age group and gender",I,BEL,Belgium,_T,Total,Y25T64,From 25 to 64 years,ISCED11A_5T8,Tertiary education,_T,Total,POP,Population,_Z,Not applicable,_T,Total,_Z,Not applicable,ED_NED,In education or not in education,POP,Population,_Z,Not applicable,PT_POP_SEX_AGE,Percentage of population in the same sex and age,OBS,Observed,_Z,Not applicable,NEAC,LSO-NEAC regular data collection,A,Annual,2024,,45.0329214149529,,A,Normal value,,,0,Units,1,One
DATAFLOW,OECD.EDU.IMEP:DSD_EAG_LSO_EA@DF_LSO_NEAC_DISTR_EA(1.0),"Adults' educational attainment distribution, by age group and gender",I,CZE,Czechia,_T,Total,Y25T64,From 25 to 64 years,ISCED11A_5T8,Tertiary education,_T,Total,POP,Population,_Z,Not applicable,_T,Total,_Z,Not applicable,ED_NED,In education or not in education,POP,Population,_Z,Not applicable,PT_POP_SEX_AGE,Percentage of population in the same sex and age,OBS,Observed,_Z,Not applicable,NEAC,LSO-NEAC regular data collection,A,Annual,2024,,27.49355125427246,,A,Normal value,,,0,Units,1,One
DATAFLOW,OECD.EDU.IMEP:DSD_EAG_LSO_EA@DF_LSO_NEAC_DISTR_EA(1.0),"Adults' educational attainment distribution, by age group and gender",I,DNK,Denmark,_T,Total,Y25T64,From 25 to 64 years,ISCED11A_5T8,Tertiary education,_T,Total,POP,Population,_Z,Not applicable,_T,Total,_Z,Not applicable,ED_NED,In education or not in education,POP,Population,_Z,Not applicable,PT_POP_SEX_AGE,Percentage of population in the same sex and age,OBS,Observed,_Z,Not applicable,NEAC,LSO-NEAC regular data collection,A,Annual,2024,,45.05239105224609,,A,Normal value,,,0,Units,1,One
DATAFLOW,OECD.EDU.IMEP:DSD_EAG_LSO_EA@DF_LSO_NEAC_DISTR_EA(1.0),"Adults' educational attainment distribution, by age group and gender",I,EST,Estonia,_T,Total,Y25T64,From 25 to 64 years,ISCED11A_5T8,Tertiary education,_T,Total,POP,Population,_Z,Not applicable,_T,Total,_Z,Not applicable,ED_NED,In education or not in education,POP,Population,_Z,Not applicable,PT_POP_SEX_AGE,Percentage of population in the same sex and age,OBS,Observed,_Z,Not applicable,NEAC,LSO-NEAC regular data collection,A,Annual,2024,,42.54973220825195,,A,Normal value,,,0,Units,1,One
DATAFLOW,OECD.EDU.IMEP:DSD_EAG_LSO_EA@DF_LSO_NEAC_DISTR_EA(1.0),"Adults' educational attainment distribution, by age group and gender",I,FIN,Finland,_T,Total,Y25T64,From 25 to 64 years,ISCED11A_5T8,Tertiary education,_T,Total,POP,Population,_Z,Not applicable,_T,Total,_Z,Not applicable,ED_NED,In education or not in education,POP,Population,_Z,Not applicable,PT_POP_SEX_AGE,Percentage of population in the same sex and age,OBS,Observed,_Z,Not applicable,NEAC,LSO-NEAC regular data collection,A,Annual,2024,,42.7156982421875,,A,Normal value,,,0,Units,1,One
DATAFLOW,OECD.EDU.IMEP:DSD_EAG_LSO_EA@DF_LSO_NEAC_DISTR_EA(1.0),"Adults' educational attainment distribution, by age group and gender",I,FRA,France,_T,Total,Y25T64,From 25 to 64 years,ISCED11A_5T8,Tertiary education,_T,Total,POP,Population,_Z,Not applicable,_T,Total,_Z,Not applicable,ED_NED,In education or not in education,POP,Population,_Z,Not applicable,PT_POP_SEX_AGE,Percentage of population in the same sex and age,OBS,Observed,_Z,Not applicable,NEAC,LSO-NEAC regular data collection,A,Annual,2024,,43.35718154907227,,A,Normal value,,,0,Units,1,One
DATAFLOW,OECD.EDU.IMEP:DSD_EAG_LSO_EA@DF_LSO_NEAC_DISTR_EA(1.0),"Adults' educational attainment distribution, by age group and gender",I,DEU,Germany,_T,Total,Y25T64,From 25 to 64 years,ISCED11A_5T8,Tertiary education,_T,Total,POP,Population,_Z,Not applicable,_T,Total,_Z,Not applicable,ED_NED,In education or not in education,POP,Population,_Z,Not applicable,PT_POP_SEX_AGE,Percentage of population in the same sex and age,OBS,Observed,_Z,Not applicable,NEAC,LSO-NEAC regular data collection,A,Annual,2024,,34.26576232910156,,A,Normal value,,,0,Units,1,One
DATAFLOW,OECD.EDU.IMEP:DSD_EAG_LSO_EA@DF_LSO_NEAC_DISTR_EA(1.0),"Adults' educational attainment distribution, by age group and gender",I,GRC,Greece,_T,Total,Y25T64,From 25 to 64 years,ISCED11A_5T8,Tertiary education,_T,Total,POP,Population,_Z,Not applicable,_T,Total,_Z,Not applicable,ED_NED,In education or not in education,POP,Population,_Z,Not applicable,PT_POP_SEX_AGE,Percentage of population in the same sex and age,OBS,Observed,_Z,Not applicable,NEAC,LSO-NEAC regular data collection,A,Annual,2024,,35.29206466674805,,A,Normal value,,,0,Units,1,One
DATAFLOW,OECD.EDU.IMEP:DSD_EAG_LSO_EA@DF_LSO_NEAC_DISTR_EA(1.0),"Adults' educational attainment distribution, by age group and gender",I,HUN,Hungary,_T,Total,Y25T64,From 25 to 64 years,ISCED11A_5T8,Tertiary education,_T,Total,POP,Population,_Z,Not applicable,_T,Total,_Z,Not applicable,ED_NED,In education or not in education,POP,Population,_Z,Not applicable,PT_POP_SEX_AGE,Percentage of population in the same sex and age,OBS,Observed,_Z,Not applicable,NEAC,LSO-NEAC regular data collection,A,Annual,2024,,31.10090255737305,,A,Normal value,,,0,Units,1,One
DATAFLOW,OECD.EDU.IMEP:DSD_EAG_LSO_EA@DF_LSO_NEAC_DISTR_EA(1.0),"Adults' educational attainment distribution, by age group and gender",I,IRL,Ireland,_T,Total,Y25T64,From 25 to 64 years,ISCED11A_5T8,Tertiary education,_T,Total,POP,Population,_Z,Not applicable,_T,Total,_Z,Not applicable,ED_NED,In education or not in education,POP,Population,_Z,Not applicable,PT_POP_SEX_AGE,Percentage of population in the same sex and age,OBS,Observed,_Z,Not applicable,NEAC,LSO-NEAC regular data collection,A,Annual,2024,,57.54948806762695,,A,Normal value,,,0,Units,1,One
DATAFLOW,OECD.EDU.IMEP:DSD_EAG_LSO_EA@DF_LSO_NEAC_DISTR_EA(1.0),"Adults' educational attainment distribution, by age group and gender",I,ITA,Italy,_T,Total,Y25T64,From 25 to 64 years,ISCED11A_5T8,Tertiary education,_T,Total,POP,Population,_Z,Not applicable,_T,Total,_Z,Not applicable,ED_NED,In education or not in education,POP,Population,_Z,Not applicable,PT_POP_SEX_AGE,Percentage of population in the same sex and age,OBS,Observed,_Z,Not applicable,NEAC,LSO-NEAC regular data collection,A,Annual,2024,,22.31502723693848,,A,Normal value,,,0,Units,1,One
DATAFLOW,OECD.EDU.IMEP:DSD_EAG_LSO_EA@DF_LSO_NEAC_DISTR_EA(1.0),"Adults' educational attainment distribution, by age group and gender",I,LVA,Latvia,_T,Total,Y25T64,From 25 to 64 years,ISCED11A_5T8,Tertiary education,_T,Total,POP,Population,_Z,Not applicable,_T,Total,_Z,Not applicable,ED_NED,In education or not in education,POP,Population,_Z,Not applicable,PT_POP_SEX_AGE,Percentage of population in the same sex and age,OBS,Observed,_Z,Not applicable,NEAC,LSO-NEAC regular data collection,A,Annual,2024,,40.45660781860352,,A,Normal value,,,0,Units,1,One
DATAFLOW,OECD.EDU.IMEP:DSD_EAG_LSO_EA@DF_LSO_NEAC_DISTR_EA(1.0),"Adults' educational attainment distribution, by age group and gender",I,LTU,Lithuania,_T,Total,Y25T64,From 25 to 64 years,ISCED11A_5T8,Tertiary education,_T,Total,POP,Population,_Z,Not applicable,_T,Total,_Z,Not applicable,ED_NED,In education or not in education,POP,Population,_Z,Not applicable,PT_POP_SEX_AGE,Percentage of population in the same sex and age,OBS,Observed,_Z,Not applicable,NEAC,LSO-NEAC regular data collection,A,Annual,2024,,47.69621658325195,,A,Normal value,,,0,Units,1,One
DATAFLOW,OECD.EDU.IMEP:DSD_EAG_LSO_EA@DF_LSO_NEAC_DISTR_EA(1.0),"Adults' educational attainment distribution, by age group and gender",I,LUX,Luxembourg,_T,Total,Y25T64,From 25 to 64 years,ISCED11A_5T8,Tertiary education,_T,Total,POP,Population,_Z,Not applicable,_T,Total,_Z,Not applicable,ED_NED,In education or not in education,POP,Population,_Z,Not applicable,PT_POP_SEX_AGE,Percentage of population in the same sex and age,OBS,Observed,_Z,Not applicable,NEAC,LSO-NEAC regular data collection,A,Annual,2024,,54.35386276245117,,A,Normal value,,,0,Units,1,One
DATAFLOW,OECD.EDU.IMEP:DSD_EAG_LSO_EA@DF_LSO_NEAC_DISTR_EA(1.0),"Adults' educational attainment distribution, by age group and gender",I,NLD,Netherlands,_T,Total,Y25T64,From 25 to 64 years,ISCED11A_5T8,Tertiary education,_T,Total,POP,Population,_Z,Not applicable,_T,Total,_Z,Not applicable,ED_NED,In education or not in education,POP,Population,_Z,Not applicable,PT_POP_SEX_AGE,Percentage of population in the same sex and age,OBS,Observed,_Z,Not applicable,NEAC,LSO-NEAC regular data collection,A,Annual,2024,,45.0982780456543,,A,Normal value,,,0,Units,1,One
DATAFLOW,OECD.EDU.IMEP:DSD_EAG_LSO_EA@DF_LSO_NEAC_DISTR_EA(1.0),"Adults' educational attainment distribution, by age group and gender",I,NOR,Norway,_T,Total,Y25T64,From 25 to 64 years,ISCED11A_5T8,Tertiary education,_T,Total,POP,Population,_Z,Not applicable,_T,Total,_Z,Not applicable,ED_NED,In education or not in education,POP,Population,_Z,Not applicable,PT_POP_SEX_AGE,Percentage of population in the same sex and age,OBS,Observed,_Z,Not applicable,NEAC,LSO-NEAC regular data collection,A,Annual,2024,,49.5870612525809,,A,Normal value,,,0,Units,1,One
DATAFLOW,OECD.EDU.IMEP:DSD_EAG_LSO_EA@DF_LSO_NEAC_DISTR_EA(1.0),"Adults' educational attainment distribution, by age group and gender",I,POL,Poland,_T,Total,Y25T64,From 25 to 64 years,ISCED11A_5T8,Tertiary education,_T,Total,POP,Population,_Z,Not applicable,_T,Total,_Z,Not applicable,ED_NED,In education or not in education,POP,Population,_Z,Not applicable,PT_POP_SEX_AGE,Percentage of population in the same sex and age,OBS,Observed,_Z,Not applicable,NEAC,LSO-NEAC regular data collection,A,Annual,2024,,39.45318603515625,,A,Normal value,,,0,Units,1,One
DATAFLOW,OECD.EDU.IMEP:DSD_EAG_LSO_EA@DF_LSO_NEAC_DISTR_EA(1.0),"Adults' educational attainment distribution, by age group and gender",I,PRT,Portugal,_T,Total,Y25T64,From 25 to 64 years,ISCED11A_5T8,Tertiary education,_T,Total,POP,Population,_Z,Not applicable,_T,Total,_Z,Not applicable,ED_NED,In education or not in education,POP,Population,_Z,Not applicable,PT_POP_SEX_AGE,Percentage of population in the same sex and age,OBS,Observed,_Z,Not applicable,NEAC,LSO-NEAC regular data collection,A,Annual,2024,,31.40448379516602,,A,Normal value,,,0,Units,1,One
DATAFLOW,OECD.EDU.IMEP:DSD_EAG_LSO_EA@DF_LSO_NEAC_DISTR_EA(1.0),"Adults' educational attainment distribution, by age group and gender",I,SVK,Slovak Republic,_T,Total,Y25T64,From 25 to 64 years,ISCED11A_5T8,Tertiary education,_T,Total,POP,Population,_Z,Not applicable,_T,Total,_Z,Not applicable,ED_NED,In education or not in education,POP,Population,_Z,Not applicable,PT_POP_SEX_AGE,Percentage of population in the same sex and age,OBS,Observed,_Z,Not applicable,NEAC,LSO-NEAC regular data collection,A,Annual,2024,,29.0372486114502,,A,Normal value,,,0,Units,1,One
DATAFLOW,OECD.EDU.IMEP:DSD_EAG_LSO_EA@DF_LSO_NEAC_DISTR_EA(1.0),"Adults' educational attainment distribution, by age group and gender",I,SVN,Slovenia,_T,Total,Y25T64,From 25 to 64 years,ISCED11A_5T8,Tertiary education,_T,Total,POP,Population,_Z,Not applicable,_T,Total,_Z,Not applicable,ED_NED,In education or not in education,POP,Population,_Z,Not applicable,PT_POP_SEX_AGE,Percentage of population in the same sex and age,OBS,Observed,_Z,Not applicable,NEAC,LSO-NEAC regular data collection,A,Annual,2024,,34.63747787475586,,A,Normal value,,,0,Units,1,One
DATAFLOW,OECD.EDU.IMEP:DSD_EAG_LSO_EA@DF_LSO_NEAC_DISTR_EA(1.0),"Adults' educational attainment distribution, by age group and gender",I,ESP,Spain,_T,Total,Y25T64,From 25 to 64 years,ISCED11A_5T8,Tertiary education,_T,Total,POP,Population,_Z,Not applicable,_T,Total,_Z,Not applicable,ED_NED,In education or not in education,POP,Population,_Z,Not applicable,PT_POP_SEX_AGE,Percentage of population in the same sex and age,OBS,Observed,_Z,Not applicable,NEAC,LSO-NEAC regular data collection,A,Annual,2024,,42.25973892211914,,A,Normal value,,,0,Units,1,One
DATAFLOW,OECD.EDU.IMEP:DSD_EAG_LSO_EA@DF_LSO_NEAC_DISTR_EA(1.0),"Adults' educational attainment distribution, by age group and gender",I,SWE,Sweden,_T,Total,Y25T64,From 25 to 64 years,ISCED11A_5T8,Tertiary education,_T,Total,POP,Population,_Z,Not applicable,_T,Total,_Z,Not applicable,ED_NED,In education or not in education,POP,Population,_Z,Not applicable,PT_POP_SEX_AGE,Percentage of population in the same sex and age,OBS,Observed,_Z,Not applicable,NEAC,LSO-NEAC regular data collection,A,Annual,2024,,51.82631301879883,,A,Normal value,,,0,Units,1,One
DATAFLOW,OECD.EDU.IMEP:DSD_EAG_LSO_EA@DF_LSO_NEAC_DISTR_EA(1.0),"Adults' educational attainment distribution, by age group and gender",I,TUR,Türkiye,_T,Total,Y25T64,From 25 to 64 years,ISCED11A_5T8,Tertiary education,_T,Total,POP,Population,_Z,Not applicable,_T,Total,_Z,Not applicable,ED_NED,In education or not in education,POP,Population,_Z,Not applicable,PT_POP_SEX_AGE,Percentage of population in the same sex and age,OBS,Observed,_Z,Not applicable,NEAC,LSO-NEAC regular data collection,A,Annual,2024,,26.9442195892334,,A,Normal value,,,0,Units,1,One
DATAFLOW,OECD.EDU.IMEP:DSD_EAG_LSO_EA@DF_LSO_NEAC_DISTR_EA(1.0),"Adults' educational attainment distribution, by age group and gender",I,EU25,European Union (25 countries),_T,Total,Y25T64,From 25 to 64 years,ISCED11A_5T8,Tertiary education,_T,Total,POP,Population,_Z,Not applicable,_T,Total,_Z,Not applicable,ED_NED,In education or not in education,POP,Population,_Z,Not applicable,PT_POP_SEX_AGE,Percentage of population in the same sex and age,OBS,Observed,_Z,Not applicable,NEAC,LSO-NEAC regular data collection,A,Annual,2024,,38.56372795104981,,A,Normal value,,,0,Units,1,One
DATAFLOW,OECD.EDU.IMEP:DSD_EAG_LSO_EA@DF_LSO_NEAC_DISTR_EA(1.0),"Adults' educational attainment distribution, by age group and gender",I,OECD,OECD,_T,Total,Y25T64,From 25 to 64 years,ISCED11A_5T8,Tertiary education,_T,Total,POP,Population,_Z,Not applicable,_T,Total,_Z,Not applicable,ED_NED,In education or not in education,POP,Population,_Z,Not applicable,PT_POP_SEX_AGE,Percentage of population in the same sex and age,OBS,Observed,_Z,Not applicable,NEAC,LSO-NEAC regular data collection,A,Annual,2024,,41.82988379342216,,A,Normal value,,,0,Units,1,One
DATAFLOW,OECD.EDU.IMEP:DSD_EAG_LSO_EA@DF_LSO_NEAC_DISTR_EA(1.0),"Adults' educational attainment distribution, by age group and gender",I,BGR,Bulgaria,_T,Total,Y25T64,From 25 to 64 years,ISCED11A_5T8,Tertiary education,_T,Total,POP,Population,_Z,Not applicable,_T,Total,_Z,Not applicable,ED_NED,In education or not in education,POP,Population,_Z,Not applicable,PT_POP_SEX_AGE,Percentage of population in the same sex and age,OBS,Observed,_Z,Not applicable,NEAC,LSO-NEAC regular data collection,A,Annual,2024,,33.77812576293945,,A,Normal value,,,0,Units,1,One
DATAFLOW,OECD.EDU.IMEP:DSD_EAG_LSO_EA@DF_LSO_NEAC_DISTR_EA(1.0),"Adults' educational attainment distribution, by age group and gender",I,HRV,Croatia,_T,Total,Y25T64,From 25 to 64 years,ISCED11A_5T8,Tertiary education,_T,Total,POP,Population,_Z,Not applicable,_T,Total,_Z,Not applicable,ED_NED,In education or not in education,POP,Population,_Z,Not applicable,PT_POP_SEX_AGE,Percentage of population in the same sex and age,OBS,Observed,_Z,Not applicable,NEAC,LSO-NEAC regular data collection,A,Annual,2024,,30.42826271057129,,A,Normal value,,,0,Units,1,One
DATAFLOW,OECD.EDU.IMEP:DSD_EAG_LSO_EA@DF_LSO_NEAC_DISTR_EA(1.0),"Adults' educational attainment distribution, by age group and gender",I,ROU,Romania,_T,Total,Y25T64,From 25 to 64 years,ISCED11A_5T8,Tertiary education,_T,Total,POP,Population,_Z,Not applicable,_T,Total,_Z,Not applicable,ED_NED,In education or not in education,POP,Population,_Z,Not applicable,PT_POP_SEX_AGE,Percentage of population in the same sex and age,OBS,Observed,_Z,Not applicable,NEAC,LSO-NEAC regular data collection,A,Annual,2024,,19.2030192337109,,A,Normal value,,,0,Units,1,One
DATAFLOW,OECD.EDU.IMEP:DSD_EAG_LSO_EA@DF_LSO_NEAC_DISTR_EA(1.0),"Adults' educational attainment distribution, by age group and gender",I,AUT,Austria,_T,Total,Y25T64,From 25 to 64 years,ISCED11A_5T8,Tertiary education,_T,Total,POP,Population,_Z,Not applicable,_T,Total,_Z,Not applicable,ED_NED,In education or not in education,POP,Population,_Z,Not applicable,PT_POP_SEX_AGE,Percentage of population in the same sex and age,OBS,Observed,_Z,Not applicable,NEAC,LSO-NEAC regular data collection,A,Annual,2023,,36.61970901,,A,Normal value,,,0,Units,1,One
DATAFLOW,OECD.EDU.IMEP:DSD_EAG_LSO_EA@DF_LSO_NEAC_DISTR_EA(1.0),"Adults' educational attainment distribution, by age group and gender",I,BEL,Belgium,_T,Total,Y25T64,From 25 to 64 years,ISCED11A_5T8,Tertiary education,_T,Total,POP,Population,_Z,Not applicable,_T,Total,_Z,Not applicable,ED_NED,In education or not in education,POP,Population,_Z,Not applicable,PT_POP_SEX_AGE,Percentage of population in the same sex and age,OBS,Observed,_Z,Not applicable,NEAC,LSO-NEAC regular data collection,A,Annual,2023,,44.80752182,,A,Normal value,,,0,Units,1,One
DATAFLOW,OECD.EDU.IMEP:DSD_EAG_LSO_EA@DF_LSO_NEAC_DISTR_EA(1.0),"Adults' educational attainment distribution, by age group and gender",I,CZE,Czechia,_T,Total,Y25T64,From 25 to 64 years,ISCED11A_5T8,Tertiary education,_T,Total,POP,Population,_Z,Not applicable,_T,Total,_Z,Not applicable,ED_NED,In education or not in education,POP,Population,_Z,Not applicable,PT_POP_SEX_AGE,Percentage of population in the same sex and age,OBS,Observed,_Z,Not applicable,NEAC,LSO-NEAC regular data collection,A,Annual,2023,,26.97192955,,A,Normal value,,,0,Units,1,One
DATAFLOW,OECD.EDU.IMEP:DSD_EAG_LSO_EA@DF_LSO_NEAC_DISTR_EA(1.0),"Adults' educational attainment distribution, by age group and gender",I,DNK,Denmark,_T,Total,Y25T64,From 25 to 64 years,ISCED11A_5T8,Tertiary education,_T,Total,POP,Population,_Z,Not applicable,_T,Total,_Z,Not applicable,ED_NED,In education or not in education,POP,Population,_Z,Not applicable,PT_POP_SEX_AGE,Percentage of population in the same sex and age,OBS,Observed,_Z,Not applicable,NEAC,LSO-NEAC regular data collection,A,Annual,2023,,42.87325287,,A,Normal value,,,0,Units,1,One
DATAFLOW,OECD.EDU.IMEP:DSD_EAG_LSO_EA@DF_LSO_NEAC_DISTR_EA(1.0),"Adults' educational attainment distribution, by age group and gender",I,EST,Estonia,_T,Total,Y25T64,From 25 to 64 years,ISCED11A_5T8,Tertiary education,_T,Total,POP,Population,_Z,Not applicable,_T,Total,_Z,Not applicable,ED_NED,In education or not in education,POP,Population,_Z,Not applicable,PT_POP_SEX_AGE,Percentage of population in the same sex and age,OBS,Observed,_Z,Not applicable,NEAC,LSO-NEAC regular data collection,A,Annual,2023,,41.58761978,,A,Normal value,,,0,Units,1,One
DATAFLOW,OECD.EDU.IMEP:DSD_EAG_LSO_EA@DF_LSO_NEAC_DISTR_EA(1.0),"Adults' educational attainment distribution, by age group and gender",I,FIN,Finland,_T,Total,Y25T64,From 25 to 64 years,ISCED11A_5T8,Tertiary education,_T,Total,POP,Population,_Z,Not applicable,_T,Total,_Z,Not applicable,ED_NED,In education or not in education,POP,Population,_Z,Not applicable,PT_POP_SEX_AGE,Percentage of population in the same sex and age,OBS,Observed,_Z,Not applicable,NEAC,LSO-NEAC regular data collection,A,Annual,2023,,42.53651428,,A,Normal value,,,0,Units,1,One
DATAFLOW,OECD.EDU.IMEP:DSD_EAG_LSO_EA@DF_LSO_NEAC_DISTR_EA(1.0),"Adults' educational attainment distribution, by age group and gender",I,FRA,France,_T,Total,Y25T64,From 25 to 64 years,ISCED11A_5T8,Tertiary education,_T,Total,POP,Population,_Z,Not applicable,_T,Total,_Z,Not applicable,ED_NED,In education or not in education,POP,Population,_Z,Not applicable,PT_POP_SEX_AGE,Percentage of population in the same sex and age,OBS,Observed,_Z,Not applicable,NEAC,LSO-NEAC regular data collection,A,Annual,2023,,42.43151092529297,,A,Normal value,,,0,Units,1,One
DATAFLOW,OECD.EDU.IMEP:DSD_EAG_LSO_EA@DF_LSO_NEAC_DISTR_EA(1.0),"Adults' educational attainment distribution, by age group and gender",I,DEU,Germany,_T,Total,Y25T64,From 25 to 64 years,ISCED11A_5T8,Tertiary education,_T,Total,POP,Population,_Z,Not applicable,_T,Total,_Z,Not applicable,ED_NED,In education or not in education,POP,Population,_Z,Not applicable,PT_POP_SEX_AGE,Percentage of population in the same sex and age,OBS,Observed,_Z,Not applicable,NEAC,LSO-NEAC regular data collection,A,Annual,2023,,33.10072708129883,,A,Normal value,,,0,Units,1,One
DATAFLOW,OECD.EDU.IMEP:DSD_EAG_LSO_EA@DF_LSO_NEAC_DISTR_EA(1.0),"Adults' educational attainment distribution, by age group and gender",I,GRC,Greece,_T,Total,Y25T64,From 25 to 64 years,ISCED11A_5T8,Tertiary education,_T,Total,POP,Population,_Z,Not applicable,_T,Total,_Z,Not applicable,ED_NED,In education or not in education,POP,Population,_Z,Not applicable,PT_POP_SEX_AGE,Percentage of population in the same sex and age,OBS,Observed,_Z,Not applicable,NEAC,LSO-NEAC regular data collection,A,Annual,2023,,34.32847595,,A,Normal value,,,0,Units,1,One
DATAFLOW,OECD.EDU.IMEP:DSD_EAG_LSO_EA@DF_LSO_NEAC_DISTR_EA(1.0),"Adults' educational attainment distribution, by age group and gender",I,HUN,Hungary,_T,Total,Y25T64,From 25 to 64 years,ISCED11A_5T8,Tertiary education,_T,Total,POP,Population,_Z,Not applicable,_T,Total,_Z,Not applicable,ED_NED,In education or not in education,POP,Population,_Z,Not applicable,PT_POP_SEX_AGE,Percentage of population in the same sex and age,OBS,Observed,_Z,Not applicable,NEAC,LSO-NEAC regular data collection,A,Annual,2023,,29.81768417,,A,Normal value,,,0,Units,1,One
DATAFLOW,OECD.EDU.IMEP:DSD_EAG_LSO_EA@DF_LSO_NEAC_DISTR_EA(1.0),"Adults' educational attainment distribution, by age group and gender",I,IRL,Ireland,_T,Total,Y25T64,From 25 to 64 years,ISCED11A_5T8,Tertiary education,_T,Total,POP,Population,_Z,Not applicable,_T,Total,_Z,Not applicable,ED_NED,In education or not in education,POP,Population,_Z,Not applicable,PT_POP_SEX_AGE,Percentage of population in the same sex and age,OBS,Observed,_Z,Not applicable,NEAC,LSO-NEAC regular data collection,A,Annual,2023,,54.54404449462891,,A,Normal value,,,0,Units,1,One
DATAFLOW,OECD.EDU.IMEP:DSD_EAG_LSO_EA@DF_LSO_NEAC_DISTR_EA(1.0),"Adults' educational attainment distribution, by age group and gender",I,ITA,Italy,_T,Total,Y25T64,From 25 to 64 years,ISCED11A_5T8,Tertiary education,_T,Total,POP,Population,_Z,Not applicable,_T,Total,_Z,Not applicable,ED_NED,In education or not in education,POP,Population,_Z,Not applicable,PT_POP_SEX_AGE,Percentage of population in the same sex and age,OBS,Observed,_Z,Not applicable,NEAC,LSO-NEAC regular data collection,A,Annual,2023,,21.58254433,,A,Normal value,,,0,Units,1,One
DATAFLOW,OECD.EDU.IMEP:DSD_EAG_LSO_EA@DF_LSO_NEAC_DISTR_EA(1.0),"Adults' educational attainment distribution, by age group and gender",I,LVA,Latvia,_T,Total,Y25T64,From 25 to 64 years,ISCED11A_5T8,Tertiary education,_T,Total,POP,Population,_Z,Not applicable,_T,Total,_Z,Not applicable,ED_NED,In education or not in education,POP,Population,_Z,Not applicable,PT_POP_SEX_AGE,Percentage of population in the same sex and age,OBS,Observed,_Z,Not applicable,NEAC,LSO-NEAC regular data collection,A,Annual,2023,,39.18385696,,A,Normal value,,,0,Units,1,One
DATAFLOW,OECD.EDU.IMEP:DSD_EAG_LSO_EA@DF_LSO_NEAC_DISTR_EA(1.0),"Adults' educational attainment distribution, by age group and gender",I,LTU,Lithuania,_T,Total,Y25T64,From 25 to 64 years,ISCED11A_5T8,Tertiary education,_T,Total,POP,Population,_Z,Not applicable,_T,Total,_Z,Not applicable,ED_NED,In education or not in education,POP,Population,_Z,Not applicable,PT_POP_SEX_AGE,Percentage of population in the same sex and age,OBS,Observed,_Z,Not applicable,NEAC,LSO-NEAC regular data collection,A,Annual,2023,,46.37329102,,A,Normal value,,,0,Units,1,One
DATAFLOW,OECD.EDU.IMEP:DSD_EAG_LSO_EA@DF_LSO_NEAC_DISTR_EA(1.0),"Adults' educational attainment distribution, by age group and gender",I,LUX,Luxembourg,_T,Total,Y25T64,From 25 to 64 years,ISCED11A_5T8,Tertiary education,_T,Total,POP,Population,_Z,Not applicable,_T,Total,_Z,Not applicable,ED_NED,In education or not in education,POP,Population,_Z,Not applicable,PT_POP_SEX_AGE,Percentage of population in the same sex and age,OBS,Observed,_Z,Not applicable,NEAC,LSO-NEAC regular data collection,A,Annual,2023,,51.32369232,,A,Normal value,,,0,Units,1,One
DATAFLOW,OECD.EDU.IMEP:DSD_EAG_LSO_EA@DF_LSO_NEAC_DISTR_EA(1.0),"Adults' educational attainment distribution, by age group and gender",I,NLD,Netherlands,_T,Total,Y25T64,From 25 to 64 years,ISCED11A_5T8,Tertiary education,_T,Total,POP,Population,_Z,Not applicable,_T,Total,_Z,Not applicable,ED_NED,In education or not in education,POP,Population,_Z,Not applicable,PT_POP_SEX_AGE,Percentage of population in the same sex and age,OBS,Observed,_Z,Not applicable,NEAC,LSO-NEAC regular data collection,A,Annual,2023,,44.24942017,,A,Normal value,,,0,Units,1,One
DATAFLOW,OECD.EDU.IMEP:DSD_EAG_LSO_EA@DF_LSO_NEAC_DISTR_EA(1.0),"Adults' educational attainment distribution, by age group and gender",I,NOR,Norway,_T,Total,Y25T64,From 25 to 64 years,ISCED11A_5T8,Tertiary education,_T,Total,POP,Population,_Z,Not applicable,_T,Total,_Z,Not applicable,ED_NED,In education or not in education,POP,Population,_Z,Not applicable,PT_POP_SEX_AGE,Percentage of population in the same sex and age,OBS,Observed,_Z,Not applicable,NEAC,LSO-NEAC regular data collection,A,Annual,2023,,48.625130525583,,A,Normal value,,,0,Units,1,One
DATAFLOW,OECD.EDU.IMEP:DSD_EAG_LSO_EA@DF_LSO_NEAC_DISTR_EA(1.0),"Adults' educational attainment distribution, by age group and gender",I,POL,Poland,_T,Total,Y25T64,From 25 to 64 years,ISCED11A_5T8,Tertiary education,_T,Total,POP,Population,_Z,Not applicable,_T,Total,_Z,Not applicable,ED_NED,In education or not in education,POP,Population,_Z,Not applicable,PT_POP_SEX_AGE,Percentage of population in the same sex and age,OBS,Observed,_Z,Not applicable,NEAC,LSO-NEAC regular data collection,A,Annual,2023,,37.93938065,,A,Normal value,,,0,Units,1,One
DATAFLOW,OECD.EDU.IMEP:DSD_EAG_LSO_EA@DF_LSO_NEAC_DISTR_EA(1.0),"Adults' educational attainment distribution, by age group and gender",I,PRT,Portugal,_T,Total,Y25T64,From 25 to 64 years,ISCED11A_5T8,Tertiary education,_T,Total,POP,Population,_Z,Not applicable,_T,Total,_Z,Not applicable,ED_NED,In education or not in education,POP,Population,_Z,Not applicable,PT_POP_SEX_AGE,Percentage of population in the same sex and age,OBS,Observed,_Z,Not applicable,NEAC,LSO-NEAC regular data collection,A,Annual,2023,,29.75527572631836,,A,Normal value,,,0,Units,1,One
DATAFLOW,OECD.EDU.IMEP:DSD_EAG_LSO_EA@DF_LSO_NEAC_DISTR_EA(1.0),"Adults' educational attainment distribution, by age group and gender",I,SVK,Slovak Republic,_T,Total,Y25T64,From 25 to 64 years,ISCED11A_5T8,Tertiary education,_T,Total,POP,Population,_Z,Not applicable,_T,Total,_Z,Not applicable,ED_NED,In education or not in education,POP,Population,_Z,Not applicable,PT_POP_SEX_AGE,Percentage of population in the same sex and age,OBS,Observed,_Z,Not applicable,NEAC,LSO-NEAC regular data collection,A,Annual,2023,,28.80596542,,A,Normal value,,,0,Units,1,One
DATAFLOW,OECD.EDU.IMEP:DSD_EAG_LSO_EA@DF_LSO_NEAC_DISTR_EA(1.0),"Adults' educational attainment distribution, by age group and gender",I,SVN,Slovenia,_T,Total,Y25T64,From 25 to 64 years,ISCED11A_5T8,Tertiary education,_T,Total,POP,Population,_Z,Not applicable,_T,Total,_Z,Not applicable,ED_NED,In education or not in education,POP,Population,_Z,Not applicable,PT_POP_SEX_AGE,Percentage of population in the same sex and age,OBS,Observed,_Z,Not applicable,NEAC,LSO-NEAC regular data collection,A,Annual,2023,,33.51063919,,A,Normal value,,,0,Units,1,One
DATAFLOW,OECD.EDU.IMEP:DSD_EAG_LSO_EA@DF_LSO_NEAC_DISTR_EA(1.0),"Adults' educational attainment distribution, by age group and gender",I,ESP,Spain,_T,Total,Y25T64,From 25 to 64 years,ISCED11A_5T8,Tertiary education,_T,Total,POP,Population,_Z,Not applicable,_T,Total,_Z,Not applicable,ED_NED,In education or not in education,POP,Population,_Z,Not applicable,PT_POP_SEX_AGE,Percentage of population in the same sex and age,OBS,Observed,_Z,Not applicable,NEAC,LSO-NEAC regular data collection,A,Annual,2023,,41.44420624,,A,Normal value,,,0,Units,1,One
DATAFLOW,OECD.EDU.IMEP:DSD_EAG_LSO_EA@DF_LSO_NEAC_DISTR_EA(1.0),"Adults' educational attainment distribution, by age group and gender",I,SWE,Sweden,_T,Total,Y25T64,From 25 to 64 years,ISCED11A_5T8,Tertiary education,_T,Total,POP,Population,_Z,Not applicable,_T,Total,_Z,Not applicable,ED_NED,In education or not in education,POP,Population,_Z,Not applicable,PT_POP_SEX_AGE,Percentage of population in the same sex and age,OBS,Observed,_Z,Not applicable,NEAC,LSO-NEAC regular data collection,A,Annual,2023,,49.3998642,,A,Normal value,,,0,Units,1,One
DATAFLOW,OECD.EDU.IMEP:DSD_EAG_LSO_EA@DF_LSO_NEAC_DISTR_EA(1.0),"Adults' educational attainment distribution, by age group and gender",I,TUR,Türkiye,_T,Total,Y25T64,From 25 to 64 years,ISCED11A_5T8,Tertiary education,_T,Total,POP,Population,_Z,Not applicable,_T,Total,_Z,Not applicable,ED_NED,In education or not in education,POP,Population,_Z,Not applicable,PT_POP_SEX_AGE,Percentage of population in the same sex and age,OBS,Observed,_Z,Not applicable,NEAC,LSO-NEAC regular data collection,A,Annual,2023,,25.92166901,,A,Normal value,,,0,Units,1,One
DATAFLOW,OECD.EDU.IMEP:DSD_EAG_LSO_EA@DF_LSO_NEAC_DISTR_EA(1.0),"Adults' educational attainment distribution, by age group and gender",I,EU25,European Union (25 countries),_T,Total,Y25T64,From 25 to 64 years,ISCED11A_5T8,Tertiary education,_T,Total,POP,Population,_Z,Not applicable,_T,Total,_Z,Not applicable,ED_NED,In education or not in education,POP,Population,_Z,Not applicable,PT_POP_SEX_AGE,Percentage of population in the same sex and age,OBS,Observed,_Z,Not applicable,NEAC,LSO-NEAC regular data collection,A,Annual,2023,,37.22185752868652,,A,Normal value,,,0,Units,1,One
DATAFLOW,OECD.EDU.IMEP:DSD_EAG_LSO_EA@DF_LSO_NEAC_DISTR_EA(1.0),"Adults' educational attainment distribution, by age group and gender",I,OECD,OECD,_T,Total,Y25T64,From 25 to 64 years,ISCED11A_5T8,Tertiary education,_T,Total,POP,Population,_Z,Not applicable,_T,Total,_Z,Not applicable,ED_NED,In education or not in education,POP,Population,_Z,Not applicable,PT_POP_SEX_AGE,Percentage of population in the same sex and age,OBS,Observed,_Z,Not applicable,NEAC,LSO-NEAC regular data collection,A,Annual,2023,,40.93172114604229,,A,Normal value,,,0,Units,1,One
DATAFLOW,OECD.EDU.IMEP:DSD_EAG_LSO_EA@DF_LSO_NEAC_DISTR_EA(1.0),"Adults' educational attainment distribution, by age group and gender",I,BGR,Bulgaria,_T,Total,Y25T64,From 25 to 64 years,ISCED11A_5T8,Tertiary education,_T,Total,POP,Population,_Z,Not applicable,_T,Total,_Z,Not applicable,ED_NED,In education or not in education,POP,Population,_Z,Not applicable,PT_POP_SEX_AGE,Percentage of population in the same sex and age,OBS,Observed,_Z,Not applicable,NEAC,LSO-NEAC regular data collection,A,Annual,2023,,30.47810555,,A,Normal value,,,0,Units,1,One
DATAFLOW,OECD.EDU.IMEP:DSD_EAG_LSO_EA@DF_LSO_NEAC_DISTR_EA(1.0),"Adults' educational attainment distribution, by age group and gender",I,HRV,Croatia,_T,Total,Y25T64,From 25 to 64 years,ISCED11A_5T8,Tertiary education,_T,Total,POP,Population,_Z,Not applicable,_T,Total,_Z,Not applicable,ED_NED,In education or not in education,POP,Population,_Z,Not applicable,PT_POP_SEX_AGE,Percentage of population in the same sex and age,OBS,Observed,_Z,Not applicable,NEAC,LSO-NEAC regular data collection,A,Annual,2023,,28.25540543,,A,Normal value,,,0,Units,1,One
DATAFLOW,OECD.EDU.IMEP:DSD_EAG_LSO_EA@DF_LSO_NEAC_DISTR_EA(1.0),"Adults' educational attainment distribution, by age group and gender",I,ROU,Romania,_T,Total,Y25T64,From 25 to 64 years,ISCED11A_5T8,Tertiary education,_T,Total,POP,Population,_Z,Not applicable,_T,Total,_Z,Not applicable,ED_NED,In education or not in education,POP,Population,_Z,Not applicable,PT_POP_SEX_AGE,Percentage of population in the same sex and age,OBS,Observed,_Z,Not applicable,NEAC,LSO-NEAC regular data collection,A,Annual,2023,,18.6258010864258,,A,Normal value,,,0,Units,1,One
DATAFLOW,OECD.EDU.IMEP:DSD_EAG_LSO_EA@DF_LSO_NEAC_DISTR_EA(1.0),"Adults' educational attainment distribution, by age group and gender",I,AUT,Austria,_T,Total,Y25T64,From 25 to 64 years,ISCED11A_5T8,Tertiary education,_T,Total,POP,Population,_Z,Not applicable,_T,Total,_Z,Not applicable,ED_NED,In education or not in education,POP,Population,_Z,Not applicable,PT_POP_SEX_AGE,Percentage of population in the same sex and age,OBS,Observed,_Z,Not applicable,NEAC,LSO-NEAC regular data collection,A,Annual,2022,,35.553291,,A,Normal value,,,0,Units,1,One
DATAFLOW,OECD.EDU.IMEP:DSD_EAG_LSO_EA@DF_LSO_NEAC_DISTR_EA(1.0),"Adults' educational attainment distribution, by age group and gender",I,BEL,Belgium,_T,Total,Y25T64,From 25 to 64 years,ISCED11A_5T8,Tertiary education,_T,Total,POP,Population,_Z,Not applicable,_T,Total,_Z,Not applicable,ED_NED,In education or not in education,POP,Population,_Z,Not applicable,PT_POP_SEX_AGE,Percentage of population in the same sex and age,OBS,Observed,_Z,Not applicable,NEAC,LSO-NEAC regular data collection,A,Annual,2022,,45.769352,,A,Normal value,,,0,Units,1,One
DATAFLOW,OECD.EDU.IMEP:DSD_EAG_LSO_EA@DF_LSO_NEAC_DISTR_EA(1.0),"Adults' educational attainment distribution, by age group and gender",I,CZE,Czechia,_T,Total,Y25T64,From 25 to 64 years,ISCED11A_5T8,Tertiary education,_T,Total,POP,Population,_Z,Not applicable,_T,Total,_Z,Not applicable,ED_NED,In education or not in education,POP,Population,_Z,Not applicable,PT_POP_SEX_AGE,Percentage of population in the same sex and age,OBS,Observed,_Z,Not applicable,NEAC,LSO-NEAC regular data collection,A,Annual,2022,,26.668707,,A,Normal value,,,0,Units,1,One
DATAFLOW,OECD.EDU.IMEP:DSD_EAG_LSO_EA@DF_LSO_NEAC_DISTR_EA(1.0),"Adults' educational attainment distribution, by age group and gender",I,DNK,Denmark,_T,Total,Y25T64,From 25 to 64 years,ISCED11A_5T8,Tertiary education,_T,Total,POP,Population,_Z,Not applicable,_T,Total,_Z,Not applicable,ED_NED,In education or not in education,POP,Population,_Z,Not applicable,PT_POP_SEX_AGE,Percentage of population in the same sex and age,OBS,Observed,_Z,Not applicable,NEAC,LSO-NEAC regular data collection,A,Annual,2022,,42.08309174,,A,Normal value,,,0,Units,1,One
DATAFLOW,OECD.EDU.IMEP:DSD_EAG_LSO_EA@DF_LSO_NEAC_DISTR_EA(1.0),"Adults' educational attainment distribution, by age group and gender",I,EST,Estonia,_T,Total,Y25T64,From 25 to 64 years,ISCED11A_5T8,Tertiary education,_T,Total,POP,Population,_Z,Not applicable,_T,Total,_Z,Not applicable,ED_NED,In education or not in education,POP,Population,_Z,Not applicable,PT_POP_SEX_AGE,Percentage of population in the same sex and age,OBS,Observed,_Z,Not applicable,NEAC,LSO-NEAC regular data collection,A,Annual,2022,,42.100475,,A,Normal value,,,0,Units,1,One
DATAFLOW,OECD.EDU.IMEP:DSD_EAG_LSO_EA@DF_LSO_NEAC_DISTR_EA(1.0),"Adults' educational attainment distribution, by age group and gender",I,FIN,Finland,_T,Total,Y25T64,From 25 to 64 years,ISCED11A_5T8,Tertiary education,_T,Total,POP,Population,_Z,Not applicable,_T,Total,_Z,Not applicable,ED_NED,In education or not in education,POP,Population,_Z,Not applicable,PT_POP_SEX_AGE,Percentage of population in the same sex and age,OBS,Observed,_Z,Not applicable,NEAC,LSO-NEAC regular data collection,A,Annual,2022,,42.63704681,,A,Normal value,,,0,Units,1,One
DATAFLOW,OECD.EDU.IMEP:DSD_EAG_LSO_EA@DF_LSO_NEAC_DISTR_EA(1.0),"Adults' educational attainment distribution, by age group and gender",I,FRA,France,_T,Total,Y25T64,From 25 to 64 years,ISCED11A_5T8,Tertiary education,_T,Total,POP,Population,_Z,Not applicable,_T,Total,_Z,Not applicable,ED_NED,In education or not in education,POP,Population,_Z,Not applicable,PT_POP_SEX_AGE,Percentage of population in the same sex and age,OBS,Observed,_Z,Not applicable,NEAC,LSO-NEAC regular data collection,A,Annual,2022,,41.64321136474609,,A,Normal value,,,0,Units,1,One
DATAFLOW,OECD.EDU.IMEP:DSD_EAG_LSO_EA@DF_LSO_NEAC_DISTR_EA(1.0),"Adults' educational attainment distribution, by age group and gender",I,DEU,Germany,_T,Total,Y25T64,From 25 to 64 years,ISCED11A_5T8,Tertiary education,_T,Total,POP,Population,_Z,Not applicable,_T,Total,_Z,Not applicable,ED_NED,In education or not in education,POP,Population,_Z,Not applicable,PT_POP_SEX_AGE,Percentage of population in the same sex and age,OBS,Observed,_Z,Not applicable,NEAC,LSO-NEAC regular data collection,A,Annual,2022,,32.29450607299805,,A,Normal value,,,0,Units,1,One
DATAFLOW,OECD.EDU.IMEP:DSD_EAG_LSO_EA@DF_LSO_NEAC_DISTR_EA(1.0),"Adults' educational attainment distribution, by age group and gender",I,GRC,Greece,_T,Total,Y25T64,From 25 to 64 years,ISCED11A_5T8,Tertiary education,_T,Total,POP,Population,_Z,Not applicable,_T,Total,_Z,Not applicable,ED_NED,In education or not in education,POP,Population,_Z,Not applicable,PT_POP_SEX_AGE,Percentage of population in the same sex and age,OBS,Observed,_Z,Not applicable,NEAC,LSO-NEAC regular data collection,A,Annual,2022,,35.10413,,A,Normal value,,,0,Units,1,One
DATAFLOW,OECD.EDU.IMEP:DSD_EAG_LSO_EA@DF_LSO_NEAC_DISTR_EA(1.0),"Adults' educational attainment distribution, by age group and gender",I,HUN,Hungary,_T,Total,Y25T64,From 25 to 64 years,ISCED11A_5T8,Tertiary education,_T,Total,POP,Population,_Z,Not applicable,_T,Total,_Z,Not applicable,ED_NED,In education or not in education,POP,Population,_Z,Not applicable,PT_POP_SEX_AGE,Percentage of population in the same sex and age,OBS,Observed,_Z,Not applicable,NEAC,LSO-NEAC regular data collection,A,Annual,2022,,29.40613174,,A,Normal value,,,0,Units,1,One
DATAFLOW,OECD.EDU.IMEP:DSD_EAG_LSO_EA@DF_LSO_NEAC_DISTR_EA(1.0),"Adults' educational attainment distribution, by age group and gender",I,IRL,Ireland,_T,Total,Y25T64,From 25 to 64 years,ISCED11A_5T8,Tertiary education,_T,Total,POP,Population,_Z,Not applicable,_T,Total,_Z,Not applicable,ED_NED,In education or not in education,POP,Population,_Z,Not applicable,PT_POP_SEX_AGE,Percentage of population in the same sex and age,OBS,Observed,_Z,Not applicable,NEAC,LSO-NEAC regular data collection,A,Annual,2022,,53.45256805419922,,A,Normal value,,,0,Units,1,One
DATAFLOW,OECD.EDU.IMEP:DSD_EAG_LSO_EA@DF_LSO_NEAC_DISTR_EA(1.0),"Adults' educational attainment distribution, by age group and gender",I,ITA,Italy,_T,Total,Y25T64,From 25 to 64 years,ISCED11A_5T8,Tertiary education,_T,Total,POP,Population,_Z,Not applicable,_T,Total,_Z,Not applicable,ED_NED,In education or not in education,POP,Population,_Z,Not applicable,PT_POP_SEX_AGE,Percentage of population in the same sex and age,OBS,Observed,_Z,Not applicable,NEAC,LSO-NEAC regular data collection,A,Annual,2022,,20.322079,,A,Normal value,,,0,Units,1,One
DATAFLOW,OECD.EDU.IMEP:DSD_EAG_LSO_EA@DF_LSO_NEAC_DISTR_EA(1.0),"Adults' educational attainment distribution, by age group and gender",I,LVA,Latvia,_T,Total,Y25T64,From 25 to 64 years,ISCED11A_5T8,Tertiary education,_T,Total,POP,Population,_Z,Not applicable,_T,Total,_Z,Not applicable,ED_NED,In education or not in education,POP,Population,_Z,Not applicable,PT_POP_SEX_AGE,Percentage of population in the same sex and age,OBS,Observed,_Z,Not applicable,NEAC,LSO-NEAC regular data collection,A,Annual,2022,,39.4673,,A,Normal value,,,0,Units,1,One
DATAFLOW,OECD.EDU.IMEP:DSD_EAG_LSO_EA@DF_LSO_NEAC_DISTR_EA(1.0),"Adults' educational attainment distribution, by age group and gender",I,LTU,Lithuania,_T,Total,Y25T64,From 25 to 64 years,ISCED11A_5T8,Tertiary education,_T,Total,POP,Population,_Z,Not applicable,_T,Total,_Z,Not applicable,ED_NED,In education or not in education,POP,Population,_Z,Not applicable,PT_POP_SEX_AGE,Percentage of population in the same sex and age,OBS,Observed,_Z,Not applicable,NEAC,LSO-NEAC regular data collection,A,Annual,2022,,46.529728,,A,Normal value,,,0,Units,1,One
DATAFLOW,OECD.EDU.IMEP:DSD_EAG_LSO_EA@DF_LSO_NEAC_DISTR_EA(1.0),"Adults' educational attainment distribution, by age group and gender",I,LUX,Luxembourg,_T,Total,Y25T64,From 25 to 64 years,ISCED11A_5T8,Tertiary education,_T,Total,POP,Population,_Z,Not applicable,_T,Total,_Z,Not applicable,ED_NED,In education or not in education,POP,Population,_Z,Not applicable,PT_POP_SEX_AGE,Percentage of population in the same sex and age,OBS,Observed,_Z,Not applicable,NEAC,LSO-NEAC regular data collection,A,Annual,2022,,51.488628,,A,Normal value,,,0,Units,1,One
DATAFLOW,OECD.EDU.IMEP:DSD_EAG_LSO_EA@DF_LSO_NEAC_DISTR_EA(1.0),"Adults' educational attainment distribution, by age group and gender",I,NLD,Netherlands,_T,Total,Y25T64,From 25 to 64 years,ISCED11A_5T8,Tertiary education,_T,Total,POP,Population,_Z,Not applicable,_T,Total,_Z,Not applicable,ED_NED,In education or not in education,POP,Population,_Z,Not applicable,PT_POP_SEX_AGE,Percentage of population in the same sex and age,OBS,Observed,_Z,Not applicable,NEAC,LSO-NEAC regular data collection,A,Annual,2022,,44.659809,,A,Normal value,,,0,Units,1,One
DATAFLOW,OECD.EDU.IMEP:DSD_EAG_LSO_EA@DF_LSO_NEAC_DISTR_EA(1.0),"Adults' educational attainment distribution, by age group and gender",I,NOR,Norway,_T,Total,Y25T64,From 25 to 64 years,ISCED11A_5T8,Tertiary education,_T,Total,POP,Population,_Z,Not applicable,_T,Total,_Z,Not applicable,ED_NED,In education or not in education,POP,Population,_Z,Not applicable,PT_POP_SEX_AGE,Percentage of population in the same sex and age,OBS,Observed,_Z,Not applicable,NEAC,LSO-NEAC regular data collection,A,Annual,2022,,48.096764,,A,Normal value,,,0,Units,1,One
DATAFLOW,OECD.EDU.IMEP:DSD_EAG_LSO_EA@DF_LSO_NEAC_DISTR_EA(1.0),"Adults' educational attainment distribution, by age group and gender",I,POL,Poland,_T,Total,Y25T64,From 25 to 64 years,ISCED11A_5T8,Tertiary education,_T,Total,POP,Population,_Z,Not applicable,_T,Total,_Z,Not applicable,ED_NED,In education or not in education,POP,Population,_Z,Not applicable,PT_POP_SEX_AGE,Percentage of population in the same sex and age,OBS,Observed,_Z,Not applicable,NEAC,LSO-NEAC regular data collection,A,Annual,2022,,33.915615,,A,Normal value,,,0,Units,1,One
DATAFLOW,OECD.EDU.IMEP:DSD_EAG_LSO_EA@DF_LSO_NEAC_DISTR_EA(1.0),"Adults' educational attainment distribution, by age group and gender",I,PRT,Portugal,_T,Total,Y25T64,From 25 to 64 years,ISCED11A_5T8,Tertiary education,_T,Total,POP,Population,_Z,Not applicable,_T,Total,_Z,Not applicable,ED_NED,In education or not in education,POP,Population,_Z,Not applicable,PT_POP_SEX_AGE,Percentage of population in the same sex and age,OBS,Observed,_Z,Not applicable,NEAC,LSO-NEAC regular data collection,A,Annual,2022,,29.45549011230469,,A,Normal value,,,0,Units,1,One
DATAFLOW,OECD.EDU.IMEP:DSD_EAG_LSO_EA@DF_LSO_NEAC_DISTR_EA(1.0),"Adults' educational attainment distribution, by age group and gender",I,SVK,Slovak Republic,_T,Total,Y25T64,From 25 to 64 years,ISCED11A_5T8,Tertiary education,_T,Total,POP,Population,_Z,Not applicable,_T,Total,_Z,Not applicable,ED_NED,In education or not in education,POP,Population,_Z,Not applicable,PT_POP_SEX_AGE,Percentage of population in the same sex and age,OBS,Observed,_Z,Not applicable,NEAC,LSO-NEAC regular data collection,A,Annual,2022,,29.216726,,A,Normal value,,,0,Units,1,One
DATAFLOW,OECD.EDU.IMEP:DSD_EAG_LSO_EA@DF_LSO_NEAC_DISTR_EA(1.0),"Adults' educational attainment distribution, by age group and gender",I,SVN,Slovenia,_T,Total,Y25T64,From 25 to 64 years,ISCED11A_5T8,Tertiary education,_T,Total,POP,Population,_Z,Not applicable,_T,Total,_Z,Not applicable,ED_NED,In education or not in education,POP,Population,_Z,Not applicable,PT_POP_SEX_AGE,Percentage of population in the same sex and age,OBS,Observed,_Z,Not applicable,NEAC,LSO-NEAC regular data collection,A,Annual,2022,,40.11206436,,A,Normal value,,,0,Units,1,One
DATAFLOW,OECD.EDU.IMEP:DSD_EAG_LSO_EA@DF_LSO_NEAC_DISTR_EA(1.0),"Adults' educational attainment distribution, by age group and gender",I,ESP,Spain,_T,Total,Y25T64,From 25 to 64 years,ISCED11A_5T8,Tertiary education,_T,Total,POP,Population,_Z,Not applicable,_T,Total,_Z,Not applicable,ED_NED,In education or not in education,POP,Population,_Z,Not applicable,PT_POP_SEX_AGE,Percentage of population in the same sex and age,OBS,Observed,_Z,Not applicable,NEAC,LSO-NEAC regular data collection,A,Annual,2022,,41.112835,,A,Normal value,,,0,Units,1,One
DATAFLOW,OECD.EDU.IMEP:DSD_EAG_LSO_EA@DF_LSO_NEAC_DISTR_EA(1.0),"Adults' educational attainment distribution, by age group and gender",I,SWE,Sweden,_T,Total,Y25T64,From 25 to 64 years,ISCED11A_5T8,Tertiary education,_T,Total,POP,Population,_Z,Not applicable,_T,Total,_Z,Not applicable,ED_NED,In education or not in education,POP,Population,_Z,Not applicable,PT_POP_SEX_AGE,Percentage of population in the same sex and age,OBS,Observed,_Z,Not applicable,NEAC,LSO-NEAC regular data collection,A,Annual,2022,,48.50398254,,A,Normal value,,,0,Units,1,One
DATAFLOW,OECD.EDU.IMEP:DSD_EAG_LSO_EA@DF_LSO_NEAC_DISTR_EA(1.0),"Adults' educational attainment distribution, by age group and gender",I,TUR,Türkiye,_T,Total,Y25T64,From 25 to 64 years,ISCED11A_5T8,Tertiary education,_T,Total,POP,Population,_Z,Not applicable,_T,Total,_Z,Not applicable,ED_NED,In education or not in education,POP,Population,_Z,Not applicable,PT_POP_SEX_AGE,Percentage of population in the same sex and age,OBS,Observed,_Z,Not applicable,NEAC,LSO-NEAC regular data collection,A,Annual,2022,,25,,A,Normal value,,,0,Units,1,One
DATAFLOW,OECD.EDU.IMEP:DSD_EAG_LSO_EA@DF_LSO_NEAC_DISTR_EA(1.0),"Adults' educational attainment distribution, by age group and gender",I,EU25,European Union (25 countries),_T,Total,Y25T64,From 25 to 64 years,ISCED11A_5T8,Tertiary education,_T,Total,POP,Population,_Z,Not applicable,_T,Total,_Z,Not applicable,ED_NED,In education or not in education,POP,Population,_Z,Not applicable,PT_POP_SEX_AGE,Percentage of population in the same sex and age,OBS,Observed,_Z,Not applicable,NEAC,LSO-NEAC regular data collection,A,Annual,2022,,37.5394567170461,,A,Normal value,,,0,Units,1,One
DATAFLOW,OECD.EDU.IMEP:DSD_EAG_LSO_EA@DF_LSO_NEAC_DISTR_EA(1.0),"Adults' educational attainment distribution, by age group and gender",I,OECD,OECD,_T,Total,Y25T64,From 25 to 64 years,ISCED11A_5T8,Tertiary education,_T,Total,POP,Population,_Z,Not applicable,_T,Total,_Z,Not applicable,ED_NED,In education or not in education,POP,Population,_Z,Not applicable,PT_POP_SEX_AGE,Percentage of population in the same sex and age,OBS,Observed,_Z,Not applicable,NEAC,LSO-NEAC regular data collection,A,Annual,2022,,40.39355646875643,,A,Normal value,,,0,Units,1,One
DATAFLOW,OECD.EDU.IMEP:DSD_EAG_LSO_EA@DF_LSO_NEAC_DISTR_EA(1.0),"Adults' educational attainment distribution, by age group and gender",I,BGR,Bulgaria,_T,Total,Y25T64,From 25 to 64 years,ISCED11A_5T8,Tertiary education,_T,Total,POP,Population,_Z,Not applicable,_T,Total,_Z,Not applicable,ED_NED,In education or not in education,POP,Population,_Z,Not applicable,PT_POP_SEX_AGE,Percentage of population in the same sex and age,OBS,Observed,_Z,Not applicable,NEAC,LSO-NEAC regular data collection,A,Annual,2022,,29.78005028,,A,Normal value,,,0,Units,1,One
DATAFLOW,OECD.EDU.IMEP:DSD_EAG_LSO_EA@DF_LSO_NEAC_DISTR_EA(1.0),"Adults' educational attainment distribution, by age group and gender",I,ROU,Romania,_T,Total,Y25T64,From 25 to 64 years,ISCED11A_5T8,Tertiary education,_T,Total,POP,Population,_Z,Not applicable,_T,Total,_Z,Not applicable,ED_NED,In education or not in education,POP,Population,_Z,Not applicable,PT_POP_SEX_AGE,Percentage of population in the same sex and age,OBS,Observed,_Z,Not applicable,NEAC,LSO-NEAC regular data collection,A,Annual,2022,,19.6701431274414,,A,Normal value,,,0,Units,1,One
