STRUCTURE,STRUCTURE_ID,STRUCTURE_NAME,ACTION,REF_AREA,Reference area,FREQ,Frequency of observation,MEASURE,Measure,UNIT_MEASURE,Unit of measure,ACTIVITY,Economic activity,SIZE_CLASS,Employment size class,TIME_PERIOD,Time period,OBS_VALUE,Observation value,OBS_STATUS,Observation status,OBS_STATUS_2,Observation status 2,OBS_STATUS_3,Observation status 3,UNIT_MULT,Unit multiplier,TIME_HORIZON_USE,Time horizon,DECIMALS,Decimals,BREAKDOWN_V7,V7 Breakdowns
DATAFLOW,OECD.STI.DEP:DSD_ICT_B@DF_BUSINESSES(1.0),ICT Access and Usage by Businesses,I,NZL,New Zealand,A,Annual,G3_B,Businesses purchasing cloud computing services,PT_ENT,Percentage of enterprises,C,Manufacturing,S_GE10,10 or more,2022,,59.79,,A,Normal value,,,,,0,Units,,,2,Two,MAN,MAN
DATAFLOW,OECD.STI.DEP:DSD_ICT_B@DF_BUSINESSES(1.0),ICT Access and Usage by Businesses,I,FIN,Finland,A,Annual,G14_B,Businesses using artificial intelligence (AI),PT_ENT,Percentage of enterprises,H,Transportation and storage,S_GE10,10 or more,2025,,12.9332,,A,Normal value,,,,,0,Units,,,2,Two,TRA,TRA
DATAFLOW,OECD.STI.DEP:DSD_ICT_B@DF_BUSINESSES(1.0),ICT Access and Usage by Businesses,I,BEL,Belgium,A,Annual,G14_B,Businesses using artificial intelligence (AI),PT_ENT,Percentage of enterprises,F,Construction,S_GE10,10 or more,2025,,20.2471,,A,Normal value,,,,,0,Units,,,2,Two,CON,CON
DATAFLOW,OECD.STI.DEP:DSD_ICT_B@DF_BUSINESSES(1.0),ICT Access and Usage by Businesses,I,POL,Poland,A,Annual,G14_B,Businesses using artificial intelligence (AI),PT_ENT,Percentage of enterprises,N,Administrative and support service activities,S_GE10,10 or more,2025,,10.469299999999999,,A,Normal value,,,,,0,Units,,,2,Two,ADM,ADM
DATAFLOW,OECD.STI.DEP:DSD_ICT_B@DF_BUSINESSES(1.0),ICT Access and Usage by Businesses,I,EU27,European Union (27 countries),A,Annual,G3_B,Businesses purchasing cloud computing services,PT_ENT,Percentage of enterprises,N,Administrative and support service activities,S_GE10,10 or more,2025,,51.958800000000004,,A,Normal value,,,,,0,Units,,,2,Two,ADM,ADM
DATAFLOW,OECD.STI.DEP:DSD_ICT_B@DF_BUSINESSES(1.0),ICT Access and Usage by Businesses,I,GRC,Greece,A,Annual,G14_B,Businesses using artificial intelligence (AI),PT_ENT,Percentage of enterprises,I,Accommodation and food service activities,S_GE10,10 or more,2025,,3.3884999999999996,,A,Normal value,,,,,0,Units,,,2,Two,ACC,ACC
DATAFLOW,OECD.STI.DEP:DSD_ICT_B@DF_BUSINESSES(1.0),ICT Access and Usage by Businesses,I,IRL,Ireland,A,Annual,G14_B,Businesses using artificial intelligence (AI),PT_ENT,Percentage of enterprises,J,Information and communication,S_GE10,10 or more,2025,,59.8156,,A,Normal value,,,,,0,Units,,,2,Two,INF,INF
DATAFLOW,OECD.STI.DEP:DSD_ICT_B@DF_BUSINESSES(1.0),ICT Access and Usage by Businesses,I,LVA,Latvia,A,Annual,G14_B,Businesses using artificial intelligence (AI),PT_ENT,Percentage of enterprises,L,Real estate activities,S_GE10,10 or more,2025,,11.451,,A,Normal value,,,,,0,Units,,,2,Two,REA,REA
DATAFLOW,OECD.STI.DEP:DSD_ICT_B@DF_BUSINESSES(1.0),ICT Access and Usage by Businesses,I,TUR,Türkiye,A,Annual,G3_B,Businesses purchasing cloud computing services,PT_ENT,Percentage of enterprises,L,Real estate activities,S_GE10,10 or more,2025,,24.9715,,A,Normal value,,,,,0,Units,,,2,Two,REA,REA
DATAFLOW,OECD.STI.DEP:DSD_ICT_B@DF_BUSINESSES(1.0),ICT Access and Usage by Businesses,I,LUX,Luxembourg,A,Annual,G14_B,Businesses using artificial intelligence (AI),PT_ENT,Percentage of enterprises,M,"Professional, scientific and technical activities",S_GE10,10 or more,2025,,51.649100000000004,,A,Normal value,,,,,0,Units,,,2,Two,PRO,PRO
DATAFLOW,OECD.STI.DEP:DSD_ICT_B@DF_BUSINESSES(1.0),ICT Access and Usage by Businesses,I,BRA,Brazil,A,Annual,H3_B,Businesses which provided any type of training to develop ICT related skills of the persons employed,PT_ENT,Percentage of enterprises,F,Construction,S_GE10,10 or more,2024,,18.05,,A,Normal value,,,,,0,Units,L_3,within last 3 months,2,Two,CON,CON
DATAFLOW,OECD.STI.DEP:DSD_ICT_B@DF_BUSINESSES(1.0),ICT Access and Usage by Businesses,I,BRA,Brazil,A,Annual,H3_B,Businesses which provided any type of training to develop ICT related skills of the persons employed,PT_ENT,Percentage of enterprises,L,Real estate activities,S_GE10,10 or more,2024,,35.9,,A,Normal value,,,,,0,Units,L_3,within last 3 months,2,Two,REA,REA
DATAFLOW,OECD.STI.DEP:DSD_ICT_B@DF_BUSINESSES(1.0),ICT Access and Usage by Businesses,I,BRA,Brazil,A,Annual,H3_B,Businesses which provided any type of training to develop ICT related skills of the persons employed,PT_ENT,Percentage of enterprises,_T,Total - all activities,S_GE10,10 or more,2024,,28.13,,A,Normal value,,,,,0,Units,L_3,within last 3 months,2,Two,BUS_TOTAL,BUS_TOTAL
DATAFLOW,OECD.STI.DEP:DSD_ICT_B@DF_BUSINESSES(1.0),ICT Access and Usage by Businesses,I,BRA,Brazil,A,Annual,H3_B,Businesses which provided any type of training to develop ICT related skills of the persons employed,PT_ENT,Percentage of enterprises,H,Transportation and storage,S_GE10,10 or more,2024,,28.76,,A,Normal value,,,,,0,Units,L_3,within last 3 months,2,Two,TRA,TRA
DATAFLOW,OECD.STI.DEP:DSD_ICT_B@DF_BUSINESSES(1.0),ICT Access and Usage by Businesses,I,BRA,Brazil,A,Annual,H3_B,Businesses which provided any type of training to develop ICT related skills of the persons employed,PT_ENT,Percentage of enterprises,M,"Professional, scientific and technical activities",S_GE10,10 or more,2024,,31.05,,A,Normal value,,,,,0,Units,L_3,within last 3 months,2,Two,PRO,PRO
DATAFLOW,OECD.STI.DEP:DSD_ICT_B@DF_BUSINESSES(1.0),ICT Access and Usage by Businesses,I,BRA,Brazil,A,Annual,H3_B,Businesses which provided any type of training to develop ICT related skills of the persons employed,PT_ENT,Percentage of enterprises,J,Information and communication,S_GE10,10 or more,2024,,66.72,,A,Normal value,,,,,0,Units,L_3,within last 3 months,2,Two,INF,INF
DATAFLOW,OECD.STI.DEP:DSD_ICT_B@DF_BUSINESSES(1.0),ICT Access and Usage by Businesses,I,BRA,Brazil,A,Annual,H3_B,Businesses which provided any type of training to develop ICT related skills of the persons employed,PT_ENT,Percentage of enterprises,C,Manufacturing,S_GE10,10 or more,2024,,24.69,,A,Normal value,,,,,0,Units,L_3,within last 3 months,2,Two,MAN,MAN
DATAFLOW,OECD.STI.DEP:DSD_ICT_B@DF_BUSINESSES(1.0),ICT Access and Usage by Businesses,I,BRA,Brazil,A,Annual,H3_B,Businesses which provided any type of training to develop ICT related skills of the persons employed,PT_ENT,Percentage of enterprises,G46,"Wholesale trade, except of motor vehicles and motorcycles",S_GE10,10 or more,2024,,27.48,,A,Normal value,,,,,0,Units,L_3,within last 3 months,2,Two,WHO,WHO
DATAFLOW,OECD.STI.DEP:DSD_ICT_B@DF_BUSINESSES(1.0),ICT Access and Usage by Businesses,I,BRA,Brazil,A,Annual,H3_B,Businesses which provided any type of training to develop ICT related skills of the persons employed,PT_ENT,Percentage of enterprises,I,Accommodation and food service activities,S_GE10,10 or more,2024,,20.89,,A,Normal value,,,,,0,Units,L_3,within last 3 months,2,Two,ACC,ACC
DATAFLOW,OECD.STI.DEP:DSD_ICT_B@DF_BUSINESSES(1.0),ICT Access and Usage by Businesses,I,BRA,Brazil,A,Annual,H1_B,Businesses which employ ICT specialists,PT_ENT,Percentage of enterprises,M,"Professional, scientific and technical activities",S_GE10,10 or more,2021,,9.12,,A,Normal value,,,,,0,Units,L_3,within last 3 months,2,Two,PRO,PRO
DATAFLOW,OECD.STI.DEP:DSD_ICT_B@DF_BUSINESSES(1.0),ICT Access and Usage by Businesses,I,BRA,Brazil,A,Annual,H1_B,Businesses which employ ICT specialists,PT_ENT,Percentage of enterprises,L,Real estate activities,S_GE10,10 or more,2021,,9.69,,A,Normal value,,,,,0,Units,L_3,within last 3 months,2,Two,REA,REA
DATAFLOW,OECD.STI.DEP:DSD_ICT_B@DF_BUSINESSES(1.0),ICT Access and Usage by Businesses,I,BRA,Brazil,A,Annual,H1_B,Businesses which employ ICT specialists,PT_ENT,Percentage of enterprises,C,Manufacturing,S_GE10,10 or more,2021,,8.24,,A,Normal value,,,,,0,Units,L_3,within last 3 months,2,Two,MAN,MAN
DATAFLOW,OECD.STI.DEP:DSD_ICT_B@DF_BUSINESSES(1.0),ICT Access and Usage by Businesses,I,BRA,Brazil,A,Annual,H1_B,Businesses which employ ICT specialists,PT_ENT,Percentage of enterprises,H,Transportation and storage,S_GE10,10 or more,2021,,9.51,,A,Normal value,,,,,0,Units,L_3,within last 3 months,2,Two,TRA,TRA
DATAFLOW,OECD.STI.DEP:DSD_ICT_B@DF_BUSINESSES(1.0),ICT Access and Usage by Businesses,I,BRA,Brazil,A,Annual,H1_B,Businesses which employ ICT specialists,PT_ENT,Percentage of enterprises,J,Information and communication,S_GE10,10 or more,2021,,8.88,,A,Normal value,,,,,0,Units,L_3,within last 3 months,2,Two,INF,INF
DATAFLOW,OECD.STI.DEP:DSD_ICT_B@DF_BUSINESSES(1.0),ICT Access and Usage by Businesses,I,BRA,Brazil,A,Annual,H1_B,Businesses which employ ICT specialists,PT_ENT,Percentage of enterprises,I,Accommodation and food service activities,S_GE10,10 or more,2021,,8.85,,A,Normal value,,,,,0,Units,L_3,within last 3 months,2,Two,ACC,ACC
DATAFLOW,OECD.STI.DEP:DSD_ICT_B@DF_BUSINESSES(1.0),ICT Access and Usage by Businesses,I,BRA,Brazil,A,Annual,H1_B,Businesses which employ ICT specialists,PT_ENT,Percentage of enterprises,F,Construction,S_GE10,10 or more,2021,,5.26,,A,Normal value,,,,,0,Units,L_3,within last 3 months,2,Two,CON,CON
DATAFLOW,OECD.STI.DEP:DSD_ICT_B@DF_BUSINESSES(1.0),ICT Access and Usage by Businesses,I,BRA,Brazil,A,Annual,H1_B,Businesses which employ ICT specialists,PT_ENT,Percentage of enterprises,_T,Total - all activities,S_GE10,10 or more,2021,,8.77,,A,Normal value,,,,,0,Units,L_3,within last 3 months,2,Two,BUS_TOTAL,BUS_TOTAL
DATAFLOW,OECD.STI.DEP:DSD_ICT_B@DF_BUSINESSES(1.0),ICT Access and Usage by Businesses,I,BRA,Brazil,A,Annual,H1_B,Businesses which employ ICT specialists,PT_ENT,Percentage of enterprises,_T,Total - all activities,S_GE10,10 or more,2023,,10.48,,A,Normal value,,,,,0,Units,L_3,within last 3 months,2,Two,BUS_TOTAL,BUS_TOTAL
DATAFLOW,OECD.STI.DEP:DSD_ICT_B@DF_BUSINESSES(1.0),ICT Access and Usage by Businesses,I,BRA,Brazil,A,Annual,H1_B,Businesses which employ ICT specialists,PT_ENT,Percentage of enterprises,_T,Total - all activities,S10T49,From 10 to 49,2021,,9.18,,A,Normal value,,,,,0,Units,L_3,within last 3 months,2,Two,SMALL,SMALL
DATAFLOW,OECD.STI.DEP:DSD_ICT_B@DF_BUSINESSES(1.0),ICT Access and Usage by Businesses,I,BRA,Brazil,A,Annual,H1_B,Businesses which employ ICT specialists,PT_ENT,Percentage of enterprises,_T,Total - all activities,S10T49,From 10 to 49,2023,,11.23,,A,Normal value,,,,,0,Units,L_3,within last 3 months,2,Two,SMALL,SMALL
DATAFLOW,OECD.STI.DEP:DSD_ICT_B@DF_BUSINESSES(1.0),ICT Access and Usage by Businesses,I,BRA,Brazil,A,Annual,H3_B,Businesses which provided any type of training to develop ICT related skills of the persons employed,PT_ENT,Percentage of enterprises,_T,Total - all activities,S10T49,From 10 to 49,2024,,25.63,,A,Normal value,,,,,0,Units,L_3,within last 3 months,2,Two,SMALL,SMALL
DATAFLOW,OECD.STI.DEP:DSD_ICT_B@DF_BUSINESSES(1.0),ICT Access and Usage by Businesses,I,BRA,Brazil,A,Annual,H3_B,Businesses which provided any type of training to develop ICT related skills of the persons employed,PT_ENT,Percentage of enterprises,_T,Total - all activities,S50T249,From 50 to 249,2024,,42,,A,Normal value,,,,,0,Units,L_3,within last 3 months,2,Two,MEDIUM,MEDIUM
DATAFLOW,OECD.STI.DEP:DSD_ICT_B@DF_BUSINESSES(1.0),ICT Access and Usage by Businesses,I,BRA,Brazil,A,Annual,H1_B,Businesses which employ ICT specialists,PT_ENT,Percentage of enterprises,_T,Total - all activities,S50T249,From 50 to 249,2021,,5.15,,A,Normal value,,,,,0,Units,L_3,within last 3 months,2,Two,MEDIUM,MEDIUM
DATAFLOW,OECD.STI.DEP:DSD_ICT_B@DF_BUSINESSES(1.0),ICT Access and Usage by Businesses,I,BRA,Brazil,A,Annual,H1_B,Businesses which employ ICT specialists,PT_ENT,Percentage of enterprises,_T,Total - all activities,S50T249,From 50 to 249,2023,,5.36,,A,Normal value,,,,,0,Units,L_3,within last 3 months,2,Two,MEDIUM,MEDIUM
DATAFLOW,OECD.STI.DEP:DSD_ICT_B@DF_BUSINESSES(1.0),ICT Access and Usage by Businesses,I,BRA,Brazil,A,Annual,H1_B,Businesses which employ ICT specialists,PT_ENT,Percentage of enterprises,_T,Total - all activities,S_GE250,250 or more,2021,,6.29,,A,Normal value,,,,,0,Units,L_3,within last 3 months,2,Two,LARGE,LARGE
DATAFLOW,OECD.STI.DEP:DSD_ICT_B@DF_BUSINESSES(1.0),ICT Access and Usage by Businesses,I,BRA,Brazil,A,Annual,H1_B,Businesses which employ ICT specialists,PT_ENT,Percentage of enterprises,_T,Total - all activities,S_GE250,250 or more,2023,,5.02,,A,Normal value,,,,,0,Units,L_3,within last 3 months,2,Two,LARGE,LARGE
DATAFLOW,OECD.STI.DEP:DSD_ICT_B@DF_BUSINESSES(1.0),ICT Access and Usage by Businesses,I,BRA,Brazil,A,Annual,H3_B,Businesses which provided any type of training to develop ICT related skills of the persons employed,PT_ENT,Percentage of enterprises,_T,Total - all activities,S_GE250,250 or more,2024,,59.31,,A,Normal value,,,,,0,Units,L_3,within last 3 months,2,Two,LARGE,LARGE
DATAFLOW,OECD.STI.DEP:DSD_ICT_B@DF_BUSINESSES(1.0),ICT Access and Usage by Businesses,I,BGR,Bulgaria,A,Annual,G3_B,Businesses purchasing cloud computing services,PT_ENT,Percentage of enterprises,_T,Total - all activities,S_GE250,250 or more,2025,,49.1222,,A,Normal value,,,,,0,Units,,,2,Two,LARGE,LARGE
DATAFLOW,OECD.STI.DEP:DSD_ICT_B@DF_BUSINESSES(1.0),ICT Access and Usage by Businesses,I,AUS,Australia,A,Annual,H3_B,Businesses which provided any type of training to develop ICT related skills of the persons employed,PT_ENT,Percentage of enterprises,_T,Total - all activities,S10T49,From 10 to 49,2022,,24.78,,B,Time series break,,,,,0,Units,L_3,within last 3 months,2,Two,SMALL,SMALL
DATAFLOW,OECD.STI.DEP:DSD_ICT_B@DF_BUSINESSES(1.0),ICT Access and Usage by Businesses,I,CZE,Czechia,A,Annual,G7_B,Businesses having performed big data analysis,PT_ENT,Percentage of enterprises,_T,Total - all activities,S10T49,From 10 to 49,2025,,37.894,,B,Time series break,,,,,0,Units,,,2,Two,SMALL,SMALL
DATAFLOW,OECD.STI.DEP:DSD_ICT_B@DF_BUSINESSES(1.0),ICT Access and Usage by Businesses,I,FRA,France,A,Annual,H1_B,Businesses which employ ICT specialists,PT_ENT,Percentage of enterprises,_T,Total - all activities,S10T49,From 10 to 49,2022,,12.8916,,B,Time series break,,,,,0,Units,L_3,within last 3 months,2,Two,SMALL,SMALL
DATAFLOW,OECD.STI.DEP:DSD_ICT_B@DF_BUSINESSES(1.0),ICT Access and Usage by Businesses,I,KOR,Korea,A,Annual,G3_B,Businesses purchasing cloud computing services,PT_ENT,Percentage of enterprises,_T,Total - all activities,S10T49,From 10 to 49,2022,,69.62683177845425,,B,Time series break,,,,,0,Units,,,2,Two,SMALL,SMALL
DATAFLOW,OECD.STI.DEP:DSD_ICT_B@DF_BUSINESSES(1.0),ICT Access and Usage by Businesses,I,KOR,Korea,A,Annual,G14_B,Businesses using artificial intelligence (AI),PT_ENT,Percentage of enterprises,_T,Total - all activities,S10T49,From 10 to 49,2022,,28.750426189599622,,B,Time series break,,,,,0,Units,,,2,Two,SMALL,SMALL
DATAFLOW,OECD.STI.DEP:DSD_ICT_B@DF_BUSINESSES(1.0),ICT Access and Usage by Businesses,I,KOR,Korea,A,Annual,G7_B,Businesses having performed big data analysis,PT_ENT,Percentage of enterprises,_T,Total - all activities,S10T49,From 10 to 49,2022,,39.17932104165281,,B,Time series break,,,,,0,Units,,,2,Two,SMALL,SMALL
DATAFLOW,OECD.STI.DEP:DSD_ICT_B@DF_BUSINESSES(1.0),ICT Access and Usage by Businesses,I,NLD,Netherlands,A,Annual,G14_B,Businesses using artificial intelligence (AI),PT_ENT,Percentage of enterprises,_T,Total - all activities,S10T49,From 10 to 49,2025,,28.76,,B,Time series break,,,,,0,Units,,,2,Two,SMALL,SMALL
DATAFLOW,OECD.STI.DEP:DSD_ICT_B@DF_BUSINESSES(1.0),ICT Access and Usage by Businesses,I,SWE,Sweden,A,Annual,H1_B,Businesses which employ ICT specialists,PT_ENT,Percentage of enterprises,_T,Total - all activities,S10T49,From 10 to 49,2024,,15.8695,,B,Time series break,,,,,0,Units,L_3,within last 3 months,2,Two,SMALL,SMALL
DATAFLOW,OECD.STI.DEP:DSD_ICT_B@DF_BUSINESSES(1.0),ICT Access and Usage by Businesses,I,FRA,France,A,Annual,H3_B,Businesses which provided any type of training to develop ICT related skills of the persons employed,PT_ENT,Percentage of enterprises,_T,Total - all activities,S10T49,From 10 to 49,2021,,11.1741,,B,Time series break,,,,,0,Units,L_3,within last 3 months,2,Two,SMALL,SMALL
DATAFLOW,OECD.STI.DEP:DSD_ICT_B@DF_BUSINESSES(1.0),ICT Access and Usage by Businesses,I,PRT,Portugal,A,Annual,G14_B,Businesses using artificial intelligence (AI),PT_ENT,Percentage of enterprises,_T,Total - all activities,S10T49,From 10 to 49,2021,,5.2878,,B,Time series break,,,,,0,Units,,,2,Two,SMALL,SMALL
DATAFLOW,OECD.STI.DEP:DSD_ICT_B@DF_BUSINESSES(1.0),ICT Access and Usage by Businesses,I,SWE,Sweden,A,Annual,H3_B,Businesses which provided any type of training to develop ICT related skills of the persons employed,PT_ENT,Percentage of enterprises,_T,Total - all activities,S10T49,From 10 to 49,2023,,24.7453,,B,Time series break,,,,,0,Units,L_3,within last 3 months,2,Two,SMALL,SMALL
DATAFLOW,OECD.STI.DEP:DSD_ICT_B@DF_BUSINESSES(1.0),ICT Access and Usage by Businesses,I,FRA,France,A,Annual,G3_B,Businesses purchasing cloud computing services,PT_ENT,Percentage of enterprises,_T,Total - all activities,S10T49,From 10 to 49,2023,,23.155800000000003,,B,Time series break,,,,,0,Units,,,2,Two,SMALL,SMALL
DATAFLOW,OECD.STI.DEP:DSD_ICT_B@DF_BUSINESSES(1.0),ICT Access and Usage by Businesses,I,FRA,France,A,Annual,G14_B,Businesses using artificial intelligence (AI),PT_ENT,Percentage of enterprises,_T,Total - all activities,S10T49,From 10 to 49,2023,,4.7158,,B,Time series break,,,,,0,Units,,,2,Two,SMALL,SMALL
DATAFLOW,OECD.STI.DEP:DSD_ICT_B@DF_BUSINESSES(1.0),ICT Access and Usage by Businesses,I,IRL,Ireland,A,Annual,G7_B,Businesses having performed big data analysis,PT_ENT,Percentage of enterprises,_T,Total - all activities,S10T49,From 10 to 49,2023,,32.0372,,B,Time series break,,,,,0,Units,,,2,Two,SMALL,SMALL
DATAFLOW,OECD.STI.DEP:DSD_ICT_B@DF_BUSINESSES(1.0),ICT Access and Usage by Businesses,I,OECD,OECD,A,Annual,G7_B,Businesses having performed big data analysis,PT_ENT,Percentage of enterprises,_T,Total - all activities,S10T49,From 10 to 49,2024,,26.723614558077376,,B,Time series break,,,,,0,Units,,,2,Two,SMALL,SMALL
DATAFLOW,OECD.STI.DEP:DSD_ICT_B@DF_BUSINESSES(1.0),ICT Access and Usage by Businesses,I,OECD,OECD,A,Annual,G14_B,Businesses using artificial intelligence (AI),PT_ENT,Percentage of enterprises,_T,Total - all activities,S10T49,From 10 to 49,2024,,12.146693264359213,,B,Time series break,,,,,0,Units,,,2,Two,SMALL,SMALL
DATAFLOW,OECD.STI.DEP:DSD_ICT_B@DF_BUSINESSES(1.0),ICT Access and Usage by Businesses,I,OECD,OECD,A,Annual,G3_B,Businesses purchasing cloud computing services,PT_ENT,Percentage of enterprises,_T,Total - all activities,S10T49,From 10 to 49,2024,,47.49223689660558,,B,Time series break,,,,,0,Units,,,2,Two,SMALL,SMALL
DATAFLOW,OECD.STI.DEP:DSD_ICT_B@DF_BUSINESSES(1.0),ICT Access and Usage by Businesses,I,OECD,OECD,A,Annual,G3_B,Businesses purchasing cloud computing services,PT_ENT,Percentage of enterprises,_T,Total - all activities,S10T49,From 10 to 49,2025,,51.05883145982577,,B,Time series break,,,,,0,Units,,,2,Two,SMALL,SMALL
DATAFLOW,OECD.STI.DEP:DSD_ICT_B@DF_BUSINESSES(1.0),ICT Access and Usage by Businesses,I,OECD,OECD,A,Annual,G14_B,Businesses using artificial intelligence (AI),PT_ENT,Percentage of enterprises,_T,Total - all activities,S50T249,From 50 to 249,2024,,20.768882461667918,,B,Time series break,,,,,0,Units,,,2,Two,MEDIUM,MEDIUM
DATAFLOW,OECD.STI.DEP:DSD_ICT_B@DF_BUSINESSES(1.0),ICT Access and Usage by Businesses,I,OECD,OECD,A,Annual,G3_B,Businesses purchasing cloud computing services,PT_ENT,Percentage of enterprises,_T,Total - all activities,S50T249,From 50 to 249,2024,,63.88285549384628,,B,Time series break,,,,,0,Units,,,2,Two,MEDIUM,MEDIUM
DATAFLOW,OECD.STI.DEP:DSD_ICT_B@DF_BUSINESSES(1.0),ICT Access and Usage by Businesses,I,OECD,OECD,A,Annual,G7_B,Businesses having performed big data analysis,PT_ENT,Percentage of enterprises,_T,Total - all activities,S50T249,From 50 to 249,2024,,44.53155116134936,,B,Time series break,,,,,0,Units,,,2,Two,MEDIUM,MEDIUM
DATAFLOW,OECD.STI.DEP:DSD_ICT_B@DF_BUSINESSES(1.0),ICT Access and Usage by Businesses,I,OECD,OECD,A,Annual,G3_B,Businesses purchasing cloud computing services,PT_ENT,Percentage of enterprises,_T,Total - all activities,S50T249,From 50 to 249,2025,,68.77844706259961,,B,Time series break,,,,,0,Units,,,2,Two,MEDIUM,MEDIUM
DATAFLOW,OECD.STI.DEP:DSD_ICT_B@DF_BUSINESSES(1.0),ICT Access and Usage by Businesses,I,OECD,OECD,A,Annual,G14_B,Businesses using artificial intelligence (AI),PT_ENT,Percentage of enterprises,_T,Total - all activities,S50T249,From 50 to 249,2025,,29.510964876223518,,B,Time series break,,,,,0,Units,,,2,Two,MEDIUM,MEDIUM
DATAFLOW,OECD.STI.DEP:DSD_ICT_B@DF_BUSINESSES(1.0),ICT Access and Usage by Businesses,I,AUS,Australia,A,Annual,H3_B,Businesses which provided any type of training to develop ICT related skills of the persons employed,PT_ENT,Percentage of enterprises,_T,Total - all activities,S50T249,From 50 to 249,2022,,38.39,,B,Time series break,,,,,0,Units,L_3,within last 3 months,2,Two,MEDIUM,MEDIUM
DATAFLOW,OECD.STI.DEP:DSD_ICT_B@DF_BUSINESSES(1.0),ICT Access and Usage by Businesses,I,CZE,Czechia,A,Annual,G7_B,Businesses having performed big data analysis,PT_ENT,Percentage of enterprises,_T,Total - all activities,S50T249,From 50 to 249,2025,,67.6697,,B,Time series break,,,,,0,Units,,,2,Two,MEDIUM,MEDIUM
DATAFLOW,OECD.STI.DEP:DSD_ICT_B@DF_BUSINESSES(1.0),ICT Access and Usage by Businesses,I,FRA,France,A,Annual,H1_B,Businesses which employ ICT specialists,PT_ENT,Percentage of enterprises,_T,Total - all activities,S50T249,From 50 to 249,2022,,35.3053,,B,Time series break,,,,,0,Units,L_3,within last 3 months,2,Two,MEDIUM,MEDIUM
DATAFLOW,OECD.STI.DEP:DSD_ICT_B@DF_BUSINESSES(1.0),ICT Access and Usage by Businesses,I,KOR,Korea,A,Annual,G3_B,Businesses purchasing cloud computing services,PT_ENT,Percentage of enterprises,_T,Total - all activities,S50T249,From 50 to 249,2022,,68.01242776178579,,B,Time series break,,,,,0,Units,,,2,Two,MEDIUM,MEDIUM
DATAFLOW,OECD.STI.DEP:DSD_ICT_B@DF_BUSINESSES(1.0),ICT Access and Usage by Businesses,I,KOR,Korea,A,Annual,G14_B,Businesses using artificial intelligence (AI),PT_ENT,Percentage of enterprises,_T,Total - all activities,S50T249,From 50 to 249,2022,,21.181525207954184,,B,Time series break,,,,,0,Units,,,2,Two,MEDIUM,MEDIUM
DATAFLOW,OECD.STI.DEP:DSD_ICT_B@DF_BUSINESSES(1.0),ICT Access and Usage by Businesses,I,SWE,Sweden,A,Annual,H1_B,Businesses which employ ICT specialists,PT_ENT,Percentage of enterprises,_T,Total - all activities,S50T249,From 50 to 249,2024,,40.106199999999994,,B,Time series break,,,,,0,Units,L_3,within last 3 months,2,Two,MEDIUM,MEDIUM
DATAFLOW,OECD.STI.DEP:DSD_ICT_B@DF_BUSINESSES(1.0),ICT Access and Usage by Businesses,I,FRA,France,A,Annual,H3_B,Businesses which provided any type of training to develop ICT related skills of the persons employed,PT_ENT,Percentage of enterprises,_T,Total - all activities,S50T249,From 50 to 249,2021,,30.0454,,B,Time series break,,,,,0,Units,L_3,within last 3 months,2,Two,MEDIUM,MEDIUM
DATAFLOW,OECD.STI.DEP:DSD_ICT_B@DF_BUSINESSES(1.0),ICT Access and Usage by Businesses,I,SVK,Slovak Republic,A,Annual,G14_B,Businesses using artificial intelligence (AI),PT_ENT,Percentage of enterprises,_T,Total - all activities,S50T249,From 50 to 249,2021,,7.0085999999999995,,B,Time series break,,,,,0,Units,,,2,Two,MEDIUM,MEDIUM
DATAFLOW,OECD.STI.DEP:DSD_ICT_B@DF_BUSINESSES(1.0),ICT Access and Usage by Businesses,I,SWE,Sweden,A,Annual,H3_B,Businesses which provided any type of training to develop ICT related skills of the persons employed,PT_ENT,Percentage of enterprises,_T,Total - all activities,S50T249,From 50 to 249,2023,,52.9447,,B,Time series break,,,,,0,Units,L_3,within last 3 months,2,Two,MEDIUM,MEDIUM
DATAFLOW,OECD.STI.DEP:DSD_ICT_B@DF_BUSINESSES(1.0),ICT Access and Usage by Businesses,I,ITA,Italy,A,Annual,G7_B,Businesses having performed big data analysis,PT_ENT,Percentage of enterprises,_T,Total - all activities,S50T249,From 50 to 249,2023,,48.8164,,B,Time series break,,,,,0,Units,,,2,Two,MEDIUM,MEDIUM
DATAFLOW,OECD.STI.DEP:DSD_ICT_B@DF_BUSINESSES(1.0),ICT Access and Usage by Businesses,I,SWE,Sweden,A,Annual,G3_B,Businesses purchasing cloud computing services,PT_ENT,Percentage of enterprises,_T,Total - all activities,S50T249,From 50 to 249,2023,,85.47550000000001,,B,Time series break,,,,,0,Units,,,2,Two,MEDIUM,MEDIUM
DATAFLOW,OECD.STI.DEP:DSD_ICT_B@DF_BUSINESSES(1.0),ICT Access and Usage by Businesses,I,SWE,Sweden,A,Annual,G14_B,Businesses using artificial intelligence (AI),PT_ENT,Percentage of enterprises,_T,Total - all activities,S50T249,From 50 to 249,2023,,13.513800000000002,,B,Time series break,,,,,0,Units,,,2,Two,MEDIUM,MEDIUM
DATAFLOW,OECD.STI.DEP:DSD_ICT_B@DF_BUSINESSES(1.0),ICT Access and Usage by Businesses,I,FRA,France,A,Annual,G14_B,Businesses using artificial intelligence (AI),PT_ENT,Percentage of enterprises,_T,Total - all activities,S_GE250,250 or more,2023,,20.9377,,B,Time series break,,,,,0,Units,,,2,Two,LARGE,LARGE
DATAFLOW,OECD.STI.DEP:DSD_ICT_B@DF_BUSINESSES(1.0),ICT Access and Usage by Businesses,I,LTU,Lithuania,A,Annual,G7_B,Businesses having performed big data analysis,PT_ENT,Percentage of enterprises,_T,Total - all activities,S_GE250,250 or more,2023,,81.6,,B,Time series break,,,,,0,Units,,,2,Two,LARGE,LARGE
DATAFLOW,OECD.STI.DEP:DSD_ICT_B@DF_BUSINESSES(1.0),ICT Access and Usage by Businesses,I,SWE,Sweden,A,Annual,G3_B,Businesses purchasing cloud computing services,PT_ENT,Percentage of enterprises,_T,Total - all activities,S_GE250,250 or more,2023,,91.1996,,B,Time series break,,,,,0,Units,,,2,Two,LARGE,LARGE
DATAFLOW,OECD.STI.DEP:DSD_ICT_B@DF_BUSINESSES(1.0),ICT Access and Usage by Businesses,I,SWE,Sweden,A,Annual,H3_B,Businesses which provided any type of training to develop ICT related skills of the persons employed,PT_ENT,Percentage of enterprises,_T,Total - all activities,S_GE250,250 or more,2023,,79.2116,,B,Time series break,,,,,0,Units,L_3,within last 3 months,2,Two,LARGE,LARGE
DATAFLOW,OECD.STI.DEP:DSD_ICT_B@DF_BUSINESSES(1.0),ICT Access and Usage by Businesses,I,FRA,France,A,Annual,H3_B,Businesses which provided any type of training to develop ICT related skills of the persons employed,PT_ENT,Percentage of enterprises,_T,Total - all activities,S_GE250,250 or more,2021,,61.67510000000001,,B,Time series break,,,,,0,Units,L_3,within last 3 months,2,Two,LARGE,LARGE
DATAFLOW,OECD.STI.DEP:DSD_ICT_B@DF_BUSINESSES(1.0),ICT Access and Usage by Businesses,I,ESP,Spain,A,Annual,G14_B,Businesses using artificial intelligence (AI),PT_ENT,Percentage of enterprises,_T,Total - all activities,S_GE250,250 or more,2021,,32.3441,,B,Time series break,,,,,0,Units,,,2,Two,LARGE,LARGE
DATAFLOW,OECD.STI.DEP:DSD_ICT_B@DF_BUSINESSES(1.0),ICT Access and Usage by Businesses,I,AUS,Australia,A,Annual,H3_B,Businesses which provided any type of training to develop ICT related skills of the persons employed,PT_ENT,Percentage of enterprises,_T,Total - all activities,S_GE250,250 or more,2022,,69.97,,B,Time series break,,,,,0,Units,L_3,within last 3 months,2,Two,LARGE,LARGE
DATAFLOW,OECD.STI.DEP:DSD_ICT_B@DF_BUSINESSES(1.0),ICT Access and Usage by Businesses,I,AUS,Australia,A,Annual,H1_B,Businesses which employ ICT specialists,PT_ENT,Percentage of enterprises,_T,Total - all activities,S_GE250,250 or more,2022,,76.57,,B,Time series break,,,,,0,Units,L_3,within last 3 months,2,Two,LARGE,LARGE
DATAFLOW,OECD.STI.DEP:DSD_ICT_B@DF_BUSINESSES(1.0),ICT Access and Usage by Businesses,I,CZE,Czechia,A,Annual,G7_B,Businesses having performed big data analysis,PT_ENT,Percentage of enterprises,_T,Total - all activities,S_GE250,250 or more,2025,,79.4872,,B,Time series break,,,,,0,Units,,,2,Two,LARGE,LARGE
DATAFLOW,OECD.STI.DEP:DSD_ICT_B@DF_BUSINESSES(1.0),ICT Access and Usage by Businesses,I,KOR,Korea,A,Annual,G14_B,Businesses using artificial intelligence (AI),PT_ENT,Percentage of enterprises,_T,Total - all activities,S_GE250,250 or more,2022,,36.4170636099283,,B,Time series break,,,,,0,Units,,,2,Two,LARGE,LARGE
DATAFLOW,OECD.STI.DEP:DSD_ICT_B@DF_BUSINESSES(1.0),ICT Access and Usage by Businesses,I,KOR,Korea,A,Annual,G3_B,Businesses purchasing cloud computing services,PT_ENT,Percentage of enterprises,_T,Total - all activities,S_GE250,250 or more,2022,,72.88934046927011,,B,Time series break,,,,,0,Units,,,2,Two,LARGE,LARGE
DATAFLOW,OECD.STI.DEP:DSD_ICT_B@DF_BUSINESSES(1.0),ICT Access and Usage by Businesses,I,KOR,Korea,A,Annual,G7_B,Businesses having performed big data analysis,PT_ENT,Percentage of enterprises,_T,Total - all activities,S_GE250,250 or more,2022,,51.17592440569737,,B,Time series break,,,,,0,Units,,,2,Two,LARGE,LARGE
DATAFLOW,OECD.STI.DEP:DSD_ICT_B@DF_BUSINESSES(1.0),ICT Access and Usage by Businesses,I,SWE,Sweden,A,Annual,H1_B,Businesses which employ ICT specialists,PT_ENT,Percentage of enterprises,_T,Total - all activities,S_GE250,250 or more,2024,,77.2204,,B,Time series break,,,,,0,Units,L_3,within last 3 months,2,Two,LARGE,LARGE
DATAFLOW,OECD.STI.DEP:DSD_ICT_B@DF_BUSINESSES(1.0),ICT Access and Usage by Businesses,I,OECD,OECD,A,Annual,G14_B,Businesses using artificial intelligence (AI),PT_ENT,Percentage of enterprises,_T,Total - all activities,S_GE250,250 or more,2024,,40.69958862963473,,B,Time series break,,,,,0,Units,,,2,Two,LARGE,LARGE
DATAFLOW,OECD.STI.DEP:DSD_ICT_B@DF_BUSINESSES(1.0),ICT Access and Usage by Businesses,I,OECD,OECD,A,Annual,G3_B,Businesses purchasing cloud computing services,PT_ENT,Percentage of enterprises,_T,Total - all activities,S_GE250,250 or more,2024,,80.5411129010788,,B,Time series break,,,,,0,Units,,,2,Two,LARGE,LARGE
DATAFLOW,OECD.STI.DEP:DSD_ICT_B@DF_BUSINESSES(1.0),ICT Access and Usage by Businesses,I,OECD,OECD,A,Annual,G7_B,Businesses having performed big data analysis,PT_ENT,Percentage of enterprises,_T,Total - all activities,S_GE250,250 or more,2024,,65.88934872651413,,B,Time series break,,,,,0,Units,,,2,Two,LARGE,LARGE
DATAFLOW,OECD.STI.DEP:DSD_ICT_B@DF_BUSINESSES(1.0),ICT Access and Usage by Businesses,I,OECD,OECD,A,Annual,G14_B,Businesses using artificial intelligence (AI),PT_ENT,Percentage of enterprises,_T,Total - all activities,S_GE250,250 or more,2025,,52.084755478622554,,B,Time series break,,,,,0,Units,,,2,Two,LARGE,LARGE
DATAFLOW,OECD.STI.DEP:DSD_ICT_B@DF_BUSINESSES(1.0),ICT Access and Usage by Businesses,I,JPN,Japan,A,Annual,G3_B,Businesses purchasing cloud computing services,PT_ENT,Percentage of enterprises,_T,Total - all activities,S10T49,From 10 to 49,2021,,20.6161,,D,Definition differs,,,,,0,Units,,,2,Two,SMALL,SMALL
DATAFLOW,OECD.STI.DEP:DSD_ICT_B@DF_BUSINESSES(1.0),ICT Access and Usage by Businesses,I,JPN,Japan,A,Annual,G7_B,Businesses having performed big data analysis,PT_ENT,Percentage of enterprises,_T,Total - all activities,S10T49,From 10 to 49,2021,,3.9062,,D,Definition differs,,,,,0,Units,,,2,Two,SMALL,SMALL
DATAFLOW,OECD.STI.DEP:DSD_ICT_B@DF_BUSINESSES(1.0),ICT Access and Usage by Businesses,I,AUS,Australia,A,Annual,G7_B,Businesses having performed big data analysis,PT_ENT,Percentage of enterprises,_T,Total - all activities,S50T249,From 50 to 249,2022,,15.45,,D,Definition differs,,,,,0,Units,,,2,Two,MEDIUM,MEDIUM
DATAFLOW,OECD.STI.DEP:DSD_ICT_B@DF_BUSINESSES(1.0),ICT Access and Usage by Businesses,I,JPN,Japan,A,Annual,G7_B,Businesses having performed big data analysis,PT_ENT,Percentage of enterprises,_T,Total - all activities,S50T249,From 50 to 249,2021,,6.2442,,D,Definition differs,,,,,0,Units,,,2,Two,MEDIUM,MEDIUM
DATAFLOW,OECD.STI.DEP:DSD_ICT_B@DF_BUSINESSES(1.0),ICT Access and Usage by Businesses,I,JPN,Japan,A,Annual,G3_B,Businesses purchasing cloud computing services,PT_ENT,Percentage of enterprises,_T,Total - all activities,S50T249,From 50 to 249,2021,,33.9471,,D,Definition differs,,,,,0,Units,,,2,Two,MEDIUM,MEDIUM
DATAFLOW,OECD.STI.DEP:DSD_ICT_B@DF_BUSINESSES(1.0),ICT Access and Usage by Businesses,I,JPN,Japan,A,Annual,G3_B,Businesses purchasing cloud computing services,PT_ENT,Percentage of enterprises,_T,Total - all activities,S_GE250,250 or more,2021,,56.6683,,D,Definition differs,,,,,0,Units,,,2,Two,LARGE,LARGE
DATAFLOW,OECD.STI.DEP:DSD_ICT_B@DF_BUSINESSES(1.0),ICT Access and Usage by Businesses,I,JPN,Japan,A,Annual,G7_B,Businesses having performed big data analysis,PT_ENT,Percentage of enterprises,_T,Total - all activities,S_GE250,250 or more,2021,,19.5072,,D,Definition differs,,,,,0,Units,,,2,Two,LARGE,LARGE
DATAFLOW,OECD.STI.DEP:DSD_ICT_B@DF_BUSINESSES(1.0),ICT Access and Usage by Businesses,I,AUS,Australia,A,Annual,G3_B,Businesses purchasing cloud computing services,PT_ENT,Percentage of enterprises,C,Manufacturing,S_GE10,10 or more,2022,,67.83,,U,Low reliability,,,,,0,Units,,,2,Two,MAN,MAN
DATAFLOW,OECD.STI.DEP:DSD_ICT_B@DF_BUSINESSES(1.0),ICT Access and Usage by Businesses,I,AUS,Australia,A,Annual,G3_B,Businesses purchasing cloud computing services,PT_ENT,Percentage of enterprises,J,Information and communication,S_GE10,10 or more,2022,,86.36,,U,Low reliability,,,,,0,Units,,,2,Two,INF,INF
DATAFLOW,OECD.STI.DEP:DSD_ICT_B@DF_BUSINESSES(1.0),ICT Access and Usage by Businesses,I,AUS,Australia,A,Annual,G3_B,Businesses purchasing cloud computing services,PT_ENT,Percentage of enterprises,H,Transportation and storage,S_GE10,10 or more,2022,,71.73,,U,Low reliability,,,,,0,Units,,,2,Two,TRA,TRA
DATAFLOW,OECD.STI.DEP:DSD_ICT_B@DF_BUSINESSES(1.0),ICT Access and Usage by Businesses,I,AUS,Australia,A,Annual,G3_B,Businesses purchasing cloud computing services,PT_ENT,Percentage of enterprises,N,Administrative and support service activities,S_GE10,10 or more,2022,,74.1,,U,Low reliability,,,,,0,Units,,,2,Two,ADM,ADM
DATAFLOW,OECD.STI.DEP:DSD_ICT_B@DF_BUSINESSES(1.0),ICT Access and Usage by Businesses,I,AUS,Australia,A,Annual,G14_B,Businesses using artificial intelligence (AI),PT_ENT,Percentage of enterprises,L,Real estate activities,S_GE10,10 or more,2022,,10.84,,U,Low reliability,,,,,0,Units,,,2,Two,REA,REA
DATAFLOW,OECD.STI.DEP:DSD_ICT_B@DF_BUSINESSES(1.0),ICT Access and Usage by Businesses,I,AUS,Australia,A,Annual,G3_B,Businesses purchasing cloud computing services,PT_ENT,Percentage of enterprises,F,Construction,S_GE10,10 or more,2022,,73.87,,U,Low reliability,,,,,0,Units,,,2,Two,CON,CON
DATAFLOW,OECD.STI.DEP:DSD_ICT_B@DF_BUSINESSES(1.0),ICT Access and Usage by Businesses,I,AUS,Australia,A,Annual,G3_B,Businesses purchasing cloud computing services,PT_ENT,Percentage of enterprises,G47,"Retail trade, except of motor vehicles and motorcycles",S_GE10,10 or more,2022,,78.23,,U,Low reliability,,,,,0,Units,,,2,Two,RET,RET
DATAFLOW,OECD.STI.DEP:DSD_ICT_B@DF_BUSINESSES(1.0),ICT Access and Usage by Businesses,I,AUS,Australia,A,Annual,G3_B,Businesses purchasing cloud computing services,PT_ENT,Percentage of enterprises,L,Real estate activities,S_GE10,10 or more,2022,,87.93,,U,Low reliability,,,,,0,Units,,,2,Two,REA,REA
DATAFLOW,OECD.STI.DEP:DSD_ICT_B@DF_BUSINESSES(1.0),ICT Access and Usage by Businesses,I,AUS,Australia,A,Annual,G14_B,Businesses using artificial intelligence (AI),PT_ENT,Percentage of enterprises,J,Information and communication,S_GE10,10 or more,2022,,19.23,,U,Low reliability,,,,,0,Units,,,2,Two,INF,INF
DATAFLOW,OECD.STI.DEP:DSD_ICT_B@DF_BUSINESSES(1.0),ICT Access and Usage by Businesses,I,AUS,Australia,A,Annual,G3_B,Businesses purchasing cloud computing services,PT_ENT,Percentage of enterprises,G46,"Wholesale trade, except of motor vehicles and motorcycles",S_GE10,10 or more,2022,,73.37,,U,Low reliability,,,,,0,Units,,,2,Two,WHO,WHO
DATAFLOW,OECD.STI.DEP:DSD_ICT_B@DF_BUSINESSES(1.0),ICT Access and Usage by Businesses,I,AUS,Australia,A,Annual,G3_B,Businesses purchasing cloud computing services,PT_ENT,Percentage of enterprises,I,Accommodation and food service activities,S_GE10,10 or more,2022,,53.83,,U,Low reliability,,,,,0,Units,,,2,Two,ACC,ACC
DATAFLOW,OECD.STI.DEP:DSD_ICT_B@DF_BUSINESSES(1.0),ICT Access and Usage by Businesses,I,AUS,Australia,A,Annual,G7_B,Businesses having performed big data analysis,PT_ENT,Percentage of enterprises,J,Information and communication,S_GE10,10 or more,2022,,29.24,,D,Definition differs,U,Low reliability,,,0,Units,,,2,Two,INF,INF
DATAFLOW,OECD.STI.DEP:DSD_ICT_B@DF_BUSINESSES(1.0),ICT Access and Usage by Businesses,I,AUS,Australia,A,Annual,G7_B,Businesses having performed big data analysis,PT_ENT,Percentage of enterprises,L,Real estate activities,S_GE10,10 or more,2022,,17.44,,D,Definition differs,U,Low reliability,,,0,Units,,,2,Two,REA,REA
DATAFLOW,OECD.STI.DEP:DSD_ICT_B@DF_BUSINESSES(1.0),ICT Access and Usage by Businesses,I,AUS,Australia,A,Annual,G7_B,Businesses having performed big data analysis,PT_ENT,Percentage of enterprises,C,Manufacturing,S_GE10,10 or more,2022,,12.72,,D,Definition differs,U,Low reliability,,,0,Units,,,2,Two,MAN,MAN
DATAFLOW,OECD.STI.DEP:DSD_ICT_B@DF_BUSINESSES(1.0),ICT Access and Usage by Businesses,I,JPN,Japan,A,Annual,G7_B,Businesses having performed big data analysis,PT_ENT,Percentage of enterprises,F,Construction,S_GE10,10 or more,2021,,2.0860000000000003,,D,Definition differs,,,,,0,Units,,,2,Two,CON,CON
DATAFLOW,OECD.STI.DEP:DSD_ICT_B@DF_BUSINESSES(1.0),ICT Access and Usage by Businesses,I,JPN,Japan,A,Annual,G3_B,Businesses purchasing cloud computing services,PT_ENT,Percentage of enterprises,I,Accommodation and food service activities,S_GE10,10 or more,2021,,13.7326,,D,Definition differs,,,,,0,Units,,,2,Two,ACC,ACC
DATAFLOW,OECD.STI.DEP:DSD_ICT_B@DF_BUSINESSES(1.0),ICT Access and Usage by Businesses,I,JPN,Japan,A,Annual,G7_B,Businesses having performed big data analysis,PT_ENT,Percentage of enterprises,C,Manufacturing,S_GE10,10 or more,2021,,4.2719000000000005,,D,Definition differs,,,,,0,Units,,,2,Two,MAN,MAN
DATAFLOW,OECD.STI.DEP:DSD_ICT_B@DF_BUSINESSES(1.0),ICT Access and Usage by Businesses,I,JPN,Japan,A,Annual,G3_B,Businesses purchasing cloud computing services,PT_ENT,Percentage of enterprises,J,Information and communication,S_GE10,10 or more,2021,,63.5884,,D,Definition differs,,,,,0,Units,,,2,Two,INF,INF
DATAFLOW,OECD.STI.DEP:DSD_ICT_B@DF_BUSINESSES(1.0),ICT Access and Usage by Businesses,I,JPN,Japan,A,Annual,G3_B,Businesses purchasing cloud computing services,PT_ENT,Percentage of enterprises,C,Manufacturing,S_GE10,10 or more,2021,,23.1556,,D,Definition differs,,,,,0,Units,,,2,Two,MAN,MAN
DATAFLOW,OECD.STI.DEP:DSD_ICT_B@DF_BUSINESSES(1.0),ICT Access and Usage by Businesses,I,JPN,Japan,A,Annual,G14_B,Businesses using artificial intelligence (AI),PT_ENT,Percentage of enterprises,C,Manufacturing,S_GE10,10 or more,2021,,3.7024000000000004,,D,Definition differs,,,,,0,Units,,,2,Two,MAN,MAN
DATAFLOW,OECD.STI.DEP:DSD_ICT_B@DF_BUSINESSES(1.0),ICT Access and Usage by Businesses,I,JPN,Japan,A,Annual,G3_B,Businesses purchasing cloud computing services,PT_ENT,Percentage of enterprises,H,Transportation and storage,S_GE10,10 or more,2021,,14.4253,,D,Definition differs,,,,,0,Units,,,2,Two,TRA,TRA
DATAFLOW,OECD.STI.DEP:DSD_ICT_B@DF_BUSINESSES(1.0),ICT Access and Usage by Businesses,I,JPN,Japan,A,Annual,G3_B,Businesses purchasing cloud computing services,PT_ENT,Percentage of enterprises,F,Construction,S_GE10,10 or more,2021,,20.382,,D,Definition differs,,,,,0,Units,,,2,Two,CON,CON
DATAFLOW,OECD.STI.DEP:DSD_ICT_B@DF_BUSINESSES(1.0),ICT Access and Usage by Businesses,I,JPN,Japan,A,Annual,G3_B,Businesses purchasing cloud computing services,PT_ENT,Percentage of enterprises,_T,Total - all activities,S_GE10,10 or more,2021,,24.08,,D,Definition differs,,,,,0,Units,,,2,Two,BUS_TOTAL,BUS_TOTAL
DATAFLOW,OECD.STI.DEP:DSD_ICT_B@DF_BUSINESSES(1.0),ICT Access and Usage by Businesses,I,JPN,Japan,A,Annual,G7_B,Businesses having performed big data analysis,PT_ENT,Percentage of enterprises,_T,Total - all activities,S_GE10,10 or more,2021,,4.8439000000000005,,D,Definition differs,,,,,0,Units,,,2,Two,BUS_TOTAL,BUS_TOTAL
DATAFLOW,OECD.STI.DEP:DSD_ICT_B@DF_BUSINESSES(1.0),ICT Access and Usage by Businesses,I,JPN,Japan,A,Annual,G7_B,Businesses having performed big data analysis,PT_ENT,Percentage of enterprises,H,Transportation and storage,S_GE10,10 or more,2021,,1.8096,,D,Definition differs,,,,,0,Units,,,2,Two,TRA,TRA
DATAFLOW,OECD.STI.DEP:DSD_ICT_B@DF_BUSINESSES(1.0),ICT Access and Usage by Businesses,I,JPN,Japan,A,Annual,G7_B,Businesses having performed big data analysis,PT_ENT,Percentage of enterprises,J,Information and communication,S_GE10,10 or more,2021,,17.1007,,D,Definition differs,,,,,0,Units,,,2,Two,INF,INF
DATAFLOW,OECD.STI.DEP:DSD_ICT_B@DF_BUSINESSES(1.0),ICT Access and Usage by Businesses,I,JPN,Japan,A,Annual,G7_B,Businesses having performed big data analysis,PT_ENT,Percentage of enterprises,M,"Professional, scientific and technical activities",S_GE10,10 or more,2021,,5.9184,,D,Definition differs,,,,,0,Units,,,2,Two,PRO,PRO
DATAFLOW,OECD.STI.DEP:DSD_ICT_B@DF_BUSINESSES(1.0),ICT Access and Usage by Businesses,I,JPN,Japan,A,Annual,G3_B,Businesses purchasing cloud computing services,PT_ENT,Percentage of enterprises,M,"Professional, scientific and technical activities",S_GE10,10 or more,2021,,40.5345,,D,Definition differs,,,,,0,Units,,,2,Two,PRO,PRO
DATAFLOW,OECD.STI.DEP:DSD_ICT_B@DF_BUSINESSES(1.0),ICT Access and Usage by Businesses,I,JPN,Japan,A,Annual,G3_B,Businesses purchasing cloud computing services,PT_ENT,Percentage of enterprises,L,Real estate activities,S_GE10,10 or more,2021,,32.3354,,D,Definition differs,,,,,0,Units,,,2,Two,REA,REA
DATAFLOW,OECD.STI.DEP:DSD_ICT_B@DF_BUSINESSES(1.0),ICT Access and Usage by Businesses,I,JPN,Japan,A,Annual,G7_B,Businesses having performed big data analysis,PT_ENT,Percentage of enterprises,I,Accommodation and food service activities,S_GE10,10 or more,2021,,3.1662000000000003,,D,Definition differs,,,,,0,Units,,,2,Two,ACC,ACC
DATAFLOW,OECD.STI.DEP:DSD_ICT_B@DF_BUSINESSES(1.0),ICT Access and Usage by Businesses,I,JPN,Japan,A,Annual,G7_B,Businesses having performed big data analysis,PT_ENT,Percentage of enterprises,L,Real estate activities,S_GE10,10 or more,2021,,5.8266,,D,Definition differs,,,,,0,Units,,,2,Two,REA,REA
DATAFLOW,OECD.STI.DEP:DSD_ICT_B@DF_BUSINESSES(1.0),ICT Access and Usage by Businesses,I,JPN,Japan,A,Annual,G14_B,Businesses using artificial intelligence (AI),PT_ENT,Percentage of enterprises,J,Information and communication,S_GE10,10 or more,2023,,43.3797,,D,Definition differs,,,,,0,Units,,,2,Two,INF,INF
DATAFLOW,OECD.STI.DEP:DSD_ICT_B@DF_BUSINESSES(1.0),ICT Access and Usage by Businesses,I,JPN,Japan,A,Annual,G14_B,Businesses using artificial intelligence (AI),PT_ENT,Percentage of enterprises,_T,Total - all activities,S_GE10,10 or more,2023,,9.1715,,D,Definition differs,,,,,0,Units,,,2,Two,BUS_TOTAL,BUS_TOTAL
DATAFLOW,OECD.STI.DEP:DSD_ICT_B@DF_BUSINESSES(1.0),ICT Access and Usage by Businesses,I,JPN,Japan,A,Annual,G14_B,Businesses using artificial intelligence (AI),PT_ENT,Percentage of enterprises,G47,"Retail trade, except of motor vehicles and motorcycles",S_GE10,10 or more,2023,,9.6507,,D,Definition differs,,,,,0,Units,,,2,Two,RET,RET
DATAFLOW,OECD.STI.DEP:DSD_ICT_B@DF_BUSINESSES(1.0),ICT Access and Usage by Businesses,I,KOR,Korea,A,Annual,G14_B,Businesses using artificial intelligence (AI),PT_ENT,Percentage of enterprises,G46,"Wholesale trade, except of motor vehicles and motorcycles",S_GE10,10 or more,2024,,41.06,,D,Definition differs,,,,,0,Units,,,2,Two,WHO,WHO
DATAFLOW,OECD.STI.DEP:DSD_ICT_B@DF_BUSINESSES(1.0),ICT Access and Usage by Businesses,I,KOR,Korea,A,Annual,G3_B,Businesses purchasing cloud computing services,PT_ENT,Percentage of enterprises,G46,"Wholesale trade, except of motor vehicles and motorcycles",S_GE10,10 or more,2024,,84.05,,D,Definition differs,,,,,0,Units,,,2,Two,WHO,WHO
DATAFLOW,OECD.STI.DEP:DSD_ICT_B@DF_BUSINESSES(1.0),ICT Access and Usage by Businesses,I,KOR,Korea,A,Annual,G7_B,Businesses having performed big data analysis,PT_ENT,Percentage of enterprises,G46,"Wholesale trade, except of motor vehicles and motorcycles",S_GE10,10 or more,2024,,49.81,,D,Definition differs,,,,,0,Units,,,2,Two,WHO,WHO
DATAFLOW,OECD.STI.DEP:DSD_ICT_B@DF_BUSINESSES(1.0),ICT Access and Usage by Businesses,I,AUS,Australia,A,Annual,G7_B,Businesses having performed big data analysis,PT_ENT,Percentage of enterprises,G46,"Wholesale trade, except of motor vehicles and motorcycles",S_GE10,10 or more,2022,,14.51,,D,Definition differs,,,,,0,Units,,,2,Two,WHO,WHO
DATAFLOW,OECD.STI.DEP:DSD_ICT_B@DF_BUSINESSES(1.0),ICT Access and Usage by Businesses,I,AUS,Australia,A,Annual,G7_B,Businesses having performed big data analysis,PT_ENT,Percentage of enterprises,M,"Professional, scientific and technical activities",S_GE10,10 or more,2022,,7.92,,D,Definition differs,,,,,0,Units,,,2,Two,PRO,PRO
DATAFLOW,OECD.STI.DEP:DSD_ICT_B@DF_BUSINESSES(1.0),ICT Access and Usage by Businesses,I,AUS,Australia,A,Annual,G7_B,Businesses having performed big data analysis,PT_ENT,Percentage of enterprises,F,Construction,S_GE10,10 or more,2022,,2.89,,D,Definition differs,,,,,0,Units,,,2,Two,CON,CON
DATAFLOW,OECD.STI.DEP:DSD_ICT_B@DF_BUSINESSES(1.0),ICT Access and Usage by Businesses,I,AUS,Australia,A,Annual,G7_B,Businesses having performed big data analysis,PT_ENT,Percentage of enterprises,G47,"Retail trade, except of motor vehicles and motorcycles",S_GE10,10 or more,2022,,8.07,,D,Definition differs,,,,,0,Units,,,2,Two,RET,RET
DATAFLOW,OECD.STI.DEP:DSD_ICT_B@DF_BUSINESSES(1.0),ICT Access and Usage by Businesses,I,AUS,Australia,A,Annual,G7_B,Businesses having performed big data analysis,PT_ENT,Percentage of enterprises,_T,Total - all activities,S_GE10,10 or more,2022,,9.46,,D,Definition differs,,,,,0,Units,,,2,Two,BUS_TOTAL,BUS_TOTAL
DATAFLOW,OECD.STI.DEP:DSD_ICT_B@DF_BUSINESSES(1.0),ICT Access and Usage by Businesses,I,AUS,Australia,A,Annual,G7_B,Businesses having performed big data analysis,PT_ENT,Percentage of enterprises,I,Accommodation and food service activities,S_GE10,10 or more,2022,,4.8,,D,Definition differs,,,,,0,Units,,,2,Two,ACC,ACC
DATAFLOW,OECD.STI.DEP:DSD_ICT_B@DF_BUSINESSES(1.0),ICT Access and Usage by Businesses,I,AUS,Australia,A,Annual,G7_B,Businesses having performed big data analysis,PT_ENT,Percentage of enterprises,H,Transportation and storage,S_GE10,10 or more,2022,,10.21,,D,Definition differs,,,,,0,Units,,,2,Two,TRA,TRA
DATAFLOW,OECD.STI.DEP:DSD_ICT_B@DF_BUSINESSES(1.0),ICT Access and Usage by Businesses,I,CAN,Canada,A,Annual,H3_B,Businesses which provided any type of training to develop ICT related skills of the persons employed,PT_ENT,Percentage of enterprises,N,Administrative and support service activities,S_GE10,10 or more,2023,,15.1,,D,Definition differs,,,,,0,Units,L_3,within last 3 months,2,Two,ADM,ADM
DATAFLOW,OECD.STI.DEP:DSD_ICT_B@DF_BUSINESSES(1.0),ICT Access and Usage by Businesses,I,CAN,Canada,A,Annual,G14_B,Businesses using artificial intelligence (AI),PT_ENT,Percentage of enterprises,G46,"Wholesale trade, except of motor vehicles and motorcycles",S_GE10,10 or more,2023,,3.7,,D,Definition differs,,,,,0,Units,,,2,Two,WHO,WHO
DATAFLOW,OECD.STI.DEP:DSD_ICT_B@DF_BUSINESSES(1.0),ICT Access and Usage by Businesses,I,CAN,Canada,A,Annual,G3_B,Businesses purchasing cloud computing services,PT_ENT,Percentage of enterprises,G46,"Wholesale trade, except of motor vehicles and motorcycles",S_GE10,10 or more,2023,,53.8,,D,Definition differs,,,,,0,Units,,,2,Two,WHO,WHO
DATAFLOW,OECD.STI.DEP:DSD_ICT_B@DF_BUSINESSES(1.0),ICT Access and Usage by Businesses,I,CAN,Canada,A,Annual,H3_B,Businesses which provided any type of training to develop ICT related skills of the persons employed,PT_ENT,Percentage of enterprises,G46,"Wholesale trade, except of motor vehicles and motorcycles",S_GE10,10 or more,2023,,21.6,,D,Definition differs,,,,,0,Units,L_3,within last 3 months,2,Two,WHO,WHO
DATAFLOW,OECD.STI.DEP:DSD_ICT_B@DF_BUSINESSES(1.0),ICT Access and Usage by Businesses,I,CAN,Canada,A,Annual,H3_B,Businesses which provided any type of training to develop ICT related skills of the persons employed,PT_ENT,Percentage of enterprises,G47,"Retail trade, except of motor vehicles and motorcycles",S_GE10,10 or more,2023,,16.6,,D,Definition differs,,,,,0,Units,L_3,within last 3 months,2,Two,RET,RET
DATAFLOW,OECD.STI.DEP:DSD_ICT_B@DF_BUSINESSES(1.0),ICT Access and Usage by Businesses,I,CAN,Canada,A,Annual,G3_B,Businesses purchasing cloud computing services,PT_ENT,Percentage of enterprises,G47,"Retail trade, except of motor vehicles and motorcycles",S_GE10,10 or more,2023,,47,,D,Definition differs,,,,,0,Units,,,2,Two,RET,RET
DATAFLOW,OECD.STI.DEP:DSD_ICT_B@DF_BUSINESSES(1.0),ICT Access and Usage by Businesses,I,CAN,Canada,A,Annual,G14_B,Businesses using artificial intelligence (AI),PT_ENT,Percentage of enterprises,N,Administrative and support service activities,S_GE10,10 or more,2023,,11.8,,D,Definition differs,,,,,0,Units,,,2,Two,ADM,ADM
DATAFLOW,OECD.STI.DEP:DSD_ICT_B@DF_BUSINESSES(1.0),ICT Access and Usage by Businesses,I,CAN,Canada,A,Annual,G3_B,Businesses purchasing cloud computing services,PT_ENT,Percentage of enterprises,N,Administrative and support service activities,S_GE10,10 or more,2023,,60.4,,D,Definition differs,,,,,0,Units,,,2,Two,ADM,ADM
DATAFLOW,OECD.STI.DEP:DSD_ICT_B@DF_BUSINESSES(1.0),ICT Access and Usage by Businesses,I,CAN,Canada,A,Annual,G3_B,Businesses purchasing cloud computing services,PT_ENT,Percentage of enterprises,N,Administrative and support service activities,S_GE10,10 or more,2021,,43.2,,D,Definition differs,,,,,0,Units,,,2,Two,ADM,ADM
DATAFLOW,OECD.STI.DEP:DSD_ICT_B@DF_BUSINESSES(1.0),ICT Access and Usage by Businesses,I,CAN,Canada,A,Annual,G7_B,Businesses having performed big data analysis,PT_ENT,Percentage of enterprises,G47,"Retail trade, except of motor vehicles and motorcycles",S_GE10,10 or more,2021,,2.5,,D,Definition differs,,,,,0,Units,,,2,Two,RET,RET
DATAFLOW,OECD.STI.DEP:DSD_ICT_B@DF_BUSINESSES(1.0),ICT Access and Usage by Businesses,I,CAN,Canada,A,Annual,H1_B,Businesses which employ ICT specialists,PT_ENT,Percentage of enterprises,G47,"Retail trade, except of motor vehicles and motorcycles",S_GE10,10 or more,2021,,7.2,,D,Definition differs,,,,,0,Units,L_3,within last 3 months,2,Two,RET,RET
DATAFLOW,OECD.STI.DEP:DSD_ICT_B@DF_BUSINESSES(1.0),ICT Access and Usage by Businesses,I,CAN,Canada,A,Annual,G3_B,Businesses purchasing cloud computing services,PT_ENT,Percentage of enterprises,G47,"Retail trade, except of motor vehicles and motorcycles",S_GE10,10 or more,2021,,38.5,,D,Definition differs,,,,,0,Units,,,2,Two,RET,RET
DATAFLOW,OECD.STI.DEP:DSD_ICT_B@DF_BUSINESSES(1.0),ICT Access and Usage by Businesses,I,CAN,Canada,A,Annual,H3_B,Businesses which provided any type of training to develop ICT related skills of the persons employed,PT_ENT,Percentage of enterprises,G47,"Retail trade, except of motor vehicles and motorcycles",S_GE10,10 or more,2021,,9.3,,D,Definition differs,,,,,0,Units,L_3,within last 3 months,2,Two,RET,RET
DATAFLOW,OECD.STI.DEP:DSD_ICT_B@DF_BUSINESSES(1.0),ICT Access and Usage by Businesses,I,CAN,Canada,A,Annual,G7_B,Businesses having performed big data analysis,PT_ENT,Percentage of enterprises,N,Administrative and support service activities,S_GE10,10 or more,2021,,0.6,,D,Definition differs,,,,,0,Units,,,2,Two,ADM,ADM
DATAFLOW,OECD.STI.DEP:DSD_ICT_B@DF_BUSINESSES(1.0),ICT Access and Usage by Businesses,I,CAN,Canada,A,Annual,H3_B,Businesses which provided any type of training to develop ICT related skills of the persons employed,PT_ENT,Percentage of enterprises,G46,"Wholesale trade, except of motor vehicles and motorcycles",S_GE10,10 or more,2021,,17.4,,D,Definition differs,,,,,0,Units,L_3,within last 3 months,2,Two,WHO,WHO
DATAFLOW,OECD.STI.DEP:DSD_ICT_B@DF_BUSINESSES(1.0),ICT Access and Usage by Businesses,I,CAN,Canada,A,Annual,H1_B,Businesses which employ ICT specialists,PT_ENT,Percentage of enterprises,G46,"Wholesale trade, except of motor vehicles and motorcycles",S_GE10,10 or more,2021,,22.1,,D,Definition differs,,,,,0,Units,L_3,within last 3 months,2,Two,WHO,WHO
DATAFLOW,OECD.STI.DEP:DSD_ICT_B@DF_BUSINESSES(1.0),ICT Access and Usage by Businesses,I,CAN,Canada,A,Annual,G7_B,Businesses having performed big data analysis,PT_ENT,Percentage of enterprises,G46,"Wholesale trade, except of motor vehicles and motorcycles",S_GE10,10 or more,2021,,2.8,,D,Definition differs,,,,,0,Units,,,2,Two,WHO,WHO
DATAFLOW,OECD.STI.DEP:DSD_ICT_B@DF_BUSINESSES(1.0),ICT Access and Usage by Businesses,I,CAN,Canada,A,Annual,H1_B,Businesses which employ ICT specialists,PT_ENT,Percentage of enterprises,N,Administrative and support service activities,S_GE10,10 or more,2021,,9.2,,D,Definition differs,,,,,0,Units,L_3,within last 3 months,2,Two,ADM,ADM
DATAFLOW,OECD.STI.DEP:DSD_ICT_B@DF_BUSINESSES(1.0),ICT Access and Usage by Businesses,I,CAN,Canada,A,Annual,G3_B,Businesses purchasing cloud computing services,PT_ENT,Percentage of enterprises,G46,"Wholesale trade, except of motor vehicles and motorcycles",S_GE10,10 or more,2021,,59.5,,D,Definition differs,,,,,0,Units,,,2,Two,WHO,WHO
DATAFLOW,OECD.STI.DEP:DSD_ICT_B@DF_BUSINESSES(1.0),ICT Access and Usage by Businesses,I,CAN,Canada,A,Annual,H3_B,Businesses which provided any type of training to develop ICT related skills of the persons employed,PT_ENT,Percentage of enterprises,N,Administrative and support service activities,S_GE10,10 or more,2021,,8.4,,D,Definition differs,,,,,0,Units,L_3,within last 3 months,2,Two,ADM,ADM
DATAFLOW,OECD.STI.DEP:DSD_ICT_B@DF_BUSINESSES(1.0),ICT Access and Usage by Businesses,I,AUS,Australia,A,Annual,H3_B,Businesses which provided any type of training to develop ICT related skills of the persons employed,PT_ENT,Percentage of enterprises,G47,"Retail trade, except of motor vehicles and motorcycles",S_GE10,10 or more,2022,,26.37,,B,Time series break,U,Low reliability,,,0,Units,L_3,within last 3 months,2,Two,RET,RET
DATAFLOW,OECD.STI.DEP:DSD_ICT_B@DF_BUSINESSES(1.0),ICT Access and Usage by Businesses,I,AUS,Australia,A,Annual,H3_B,Businesses which provided any type of training to develop ICT related skills of the persons employed,PT_ENT,Percentage of enterprises,H,Transportation and storage,S_GE10,10 or more,2022,,30.35,,B,Time series break,U,Low reliability,,,0,Units,L_3,within last 3 months,2,Two,TRA,TRA
DATAFLOW,OECD.STI.DEP:DSD_ICT_B@DF_BUSINESSES(1.0),ICT Access and Usage by Businesses,I,AUS,Australia,A,Annual,H3_B,Businesses which provided any type of training to develop ICT related skills of the persons employed,PT_ENT,Percentage of enterprises,C,Manufacturing,S_GE10,10 or more,2022,,36.25,,B,Time series break,U,Low reliability,,,0,Units,L_3,within last 3 months,2,Two,MAN,MAN
DATAFLOW,OECD.STI.DEP:DSD_ICT_B@DF_BUSINESSES(1.0),ICT Access and Usage by Businesses,I,AUS,Australia,A,Annual,H3_B,Businesses which provided any type of training to develop ICT related skills of the persons employed,PT_ENT,Percentage of enterprises,N,Administrative and support service activities,S_GE10,10 or more,2022,,17.88,,B,Time series break,U,Low reliability,,,0,Units,L_3,within last 3 months,2,Two,ADM,ADM
DATAFLOW,OECD.STI.DEP:DSD_ICT_B@DF_BUSINESSES(1.0),ICT Access and Usage by Businesses,I,AUS,Australia,A,Annual,H3_B,Businesses which provided any type of training to develop ICT related skills of the persons employed,PT_ENT,Percentage of enterprises,M,"Professional, scientific and technical activities",S_GE10,10 or more,2022,,34.83,,B,Time series break,U,Low reliability,,,0,Units,L_3,within last 3 months,2,Two,PRO,PRO
DATAFLOW,OECD.STI.DEP:DSD_ICT_B@DF_BUSINESSES(1.0),ICT Access and Usage by Businesses,I,AUS,Australia,A,Annual,H3_B,Businesses which provided any type of training to develop ICT related skills of the persons employed,PT_ENT,Percentage of enterprises,J,Information and communication,S_GE10,10 or more,2022,,60.66,,B,Time series break,U,Low reliability,,,0,Units,L_3,within last 3 months,2,Two,INF,INF
DATAFLOW,OECD.STI.DEP:DSD_ICT_B@DF_BUSINESSES(1.0),ICT Access and Usage by Businesses,I,AUS,Australia,A,Annual,H3_B,Businesses which provided any type of training to develop ICT related skills of the persons employed,PT_ENT,Percentage of enterprises,G46,"Wholesale trade, except of motor vehicles and motorcycles",S_GE10,10 or more,2022,,26.28,,B,Time series break,U,Low reliability,,,0,Units,L_3,within last 3 months,2,Two,WHO,WHO
DATAFLOW,OECD.STI.DEP:DSD_ICT_B@DF_BUSINESSES(1.0),ICT Access and Usage by Businesses,I,AUS,Australia,A,Annual,H3_B,Businesses which provided any type of training to develop ICT related skills of the persons employed,PT_ENT,Percentage of enterprises,F,Construction,S_GE10,10 or more,2022,,22.94,,B,Time series break,U,Low reliability,,,0,Units,L_3,within last 3 months,2,Two,CON,CON
DATAFLOW,OECD.STI.DEP:DSD_ICT_B@DF_BUSINESSES(1.0),ICT Access and Usage by Businesses,I,AUS,Australia,A,Annual,H3_B,Businesses which provided any type of training to develop ICT related skills of the persons employed,PT_ENT,Percentage of enterprises,L,Real estate activities,S_GE10,10 or more,2022,,35.03,,B,Time series break,U,Low reliability,,,0,Units,L_3,within last 3 months,2,Two,REA,REA
DATAFLOW,OECD.STI.DEP:DSD_ICT_B@DF_BUSINESSES(1.0),ICT Access and Usage by Businesses,I,KOR,Korea,A,Annual,G14_B,Businesses using artificial intelligence (AI),PT_ENT,Percentage of enterprises,G46,"Wholesale trade, except of motor vehicles and motorcycles",S_GE10,10 or more,2022,,28.307493649025073,,B,Time series break,D,Definition differs,,,0,Units,,,2,Two,WHO,WHO
DATAFLOW,OECD.STI.DEP:DSD_ICT_B@DF_BUSINESSES(1.0),ICT Access and Usage by Businesses,I,CZE,Czechia,A,Annual,G7_B,Businesses having performed big data analysis,PT_ENT,Percentage of enterprises,I,Accommodation and food service activities,S_GE10,10 or more,2025,,27.8642,,B,Time series break,,,,,0,Units,,,2,Two,ACC,ACC
DATAFLOW,OECD.STI.DEP:DSD_ICT_B@DF_BUSINESSES(1.0),ICT Access and Usage by Businesses,I,CZE,Czechia,A,Annual,G7_B,Businesses having performed big data analysis,PT_ENT,Percentage of enterprises,M,"Professional, scientific and technical activities",S_GE10,10 or more,2025,,50.5984,,B,Time series break,,,,,0,Units,,,2,Two,PRO,PRO
DATAFLOW,OECD.STI.DEP:DSD_ICT_B@DF_BUSINESSES(1.0),ICT Access and Usage by Businesses,I,CZE,Czechia,A,Annual,G7_B,Businesses having performed big data analysis,PT_ENT,Percentage of enterprises,J,Information and communication,S_GE10,10 or more,2025,,67.9931,,B,Time series break,,,,,0,Units,,,2,Two,INF,INF
DATAFLOW,OECD.STI.DEP:DSD_ICT_B@DF_BUSINESSES(1.0),ICT Access and Usage by Businesses,I,CZE,Czechia,A,Annual,G7_B,Businesses having performed big data analysis,PT_ENT,Percentage of enterprises,G46,"Wholesale trade, except of motor vehicles and motorcycles",S_GE10,10 or more,2025,,67.8423,,B,Time series break,,,,,0,Units,,,2,Two,WHO,WHO
DATAFLOW,OECD.STI.DEP:DSD_ICT_B@DF_BUSINESSES(1.0),ICT Access and Usage by Businesses,I,CZE,Czechia,A,Annual,G7_B,Businesses having performed big data analysis,PT_ENT,Percentage of enterprises,C,Manufacturing,S_GE10,10 or more,2025,,51.598699999999994,,B,Time series break,,,,,0,Units,,,2,Two,MAN,MAN
DATAFLOW,OECD.STI.DEP:DSD_ICT_B@DF_BUSINESSES(1.0),ICT Access and Usage by Businesses,I,CZE,Czechia,A,Annual,G7_B,Businesses having performed big data analysis,PT_ENT,Percentage of enterprises,_T,Total - all activities,S_GE10,10 or more,2025,,44.5998,,B,Time series break,,,,,0,Units,,,2,Two,BUS_TOTAL,BUS_TOTAL
DATAFLOW,OECD.STI.DEP:DSD_ICT_B@DF_BUSINESSES(1.0),ICT Access and Usage by Businesses,I,CZE,Czechia,A,Annual,G7_B,Businesses having performed big data analysis,PT_ENT,Percentage of enterprises,N,Administrative and support service activities,S_GE10,10 or more,2025,,30.965500000000002,,B,Time series break,,,,,0,Units,,,2,Two,ADM,ADM
DATAFLOW,OECD.STI.DEP:DSD_ICT_B@DF_BUSINESSES(1.0),ICT Access and Usage by Businesses,I,CZE,Czechia,A,Annual,G7_B,Businesses having performed big data analysis,PT_ENT,Percentage of enterprises,F,Construction,S_GE10,10 or more,2025,,30.5458,,B,Time series break,,,,,0,Units,,,2,Two,CON,CON
DATAFLOW,OECD.STI.DEP:DSD_ICT_B@DF_BUSINESSES(1.0),ICT Access and Usage by Businesses,I,CZE,Czechia,A,Annual,G7_B,Businesses having performed big data analysis,PT_ENT,Percentage of enterprises,L,Real estate activities,S_GE10,10 or more,2025,,37.679,,B,Time series break,,,,,0,Units,,,2,Two,REA,REA
DATAFLOW,OECD.STI.DEP:DSD_ICT_B@DF_BUSINESSES(1.0),ICT Access and Usage by Businesses,I,CZE,Czechia,A,Annual,G7_B,Businesses having performed big data analysis,PT_ENT,Percentage of enterprises,H,Transportation and storage,S_GE10,10 or more,2025,,29.396,,B,Time series break,,,,,0,Units,,,2,Two,TRA,TRA
DATAFLOW,OECD.STI.DEP:DSD_ICT_B@DF_BUSINESSES(1.0),ICT Access and Usage by Businesses,I,CZE,Czechia,A,Annual,G7_B,Businesses having performed big data analysis,PT_ENT,Percentage of enterprises,G47,"Retail trade, except of motor vehicles and motorcycles",S_GE10,10 or more,2025,,33.9241,,B,Time series break,,,,,0,Units,,,2,Two,RET,RET
DATAFLOW,OECD.STI.DEP:DSD_ICT_B@DF_BUSINESSES(1.0),ICT Access and Usage by Businesses,I,NLD,Netherlands,A,Annual,G3_B,Businesses purchasing cloud computing services,PT_ENT,Percentage of enterprises,G47,"Retail trade, except of motor vehicles and motorcycles",S_GE10,10 or more,2025,,53.0274,,B,Time series break,,,,,0,Units,,,2,Two,RET,RET
DATAFLOW,OECD.STI.DEP:DSD_ICT_B@DF_BUSINESSES(1.0),ICT Access and Usage by Businesses,I,NLD,Netherlands,A,Annual,G14_B,Businesses using artificial intelligence (AI),PT_ENT,Percentage of enterprises,_T,Total - all activities,S_GE10,10 or more,2025,,33.2079,,B,Time series break,,,,,0,Units,,,2,Two,BUS_TOTAL,BUS_TOTAL
DATAFLOW,OECD.STI.DEP:DSD_ICT_B@DF_BUSINESSES(1.0),ICT Access and Usage by Businesses,I,NLD,Netherlands,A,Annual,G14_B,Businesses using artificial intelligence (AI),PT_ENT,Percentage of enterprises,G47,"Retail trade, except of motor vehicles and motorcycles",S_GE10,10 or more,2025,,27.453,,B,Time series break,,,,,0,Units,,,2,Two,RET,RET
DATAFLOW,OECD.STI.DEP:DSD_ICT_B@DF_BUSINESSES(1.0),ICT Access and Usage by Businesses,I,SWE,Sweden,A,Annual,H1_B,Businesses which employ ICT specialists,PT_ENT,Percentage of enterprises,G47,"Retail trade, except of motor vehicles and motorcycles",S_GE10,10 or more,2024,,16.0338,,B,Time series break,,,,,0,Units,L_3,within last 3 months,2,Two,RET,RET
DATAFLOW,OECD.STI.DEP:DSD_ICT_B@DF_BUSINESSES(1.0),ICT Access and Usage by Businesses,I,SWE,Sweden,A,Annual,H1_B,Businesses which employ ICT specialists,PT_ENT,Percentage of enterprises,F,Construction,S_GE10,10 or more,2024,,5.4982999999999995,,B,Time series break,,,,,0,Units,L_3,within last 3 months,2,Two,CON,CON
DATAFLOW,OECD.STI.DEP:DSD_ICT_B@DF_BUSINESSES(1.0),ICT Access and Usage by Businesses,I,SWE,Sweden,A,Annual,H1_B,Businesses which employ ICT specialists,PT_ENT,Percentage of enterprises,_T,Total - all activities,S_GE10,10 or more,2024,,21.6033,,B,Time series break,,,,,0,Units,L_3,within last 3 months,2,Two,BUS_TOTAL,BUS_TOTAL
DATAFLOW,OECD.STI.DEP:DSD_ICT_B@DF_BUSINESSES(1.0),ICT Access and Usage by Businesses,I,SWE,Sweden,A,Annual,H1_B,Businesses which employ ICT specialists,PT_ENT,Percentage of enterprises,G46,"Wholesale trade, except of motor vehicles and motorcycles",S_GE10,10 or more,2024,,37.5497,,B,Time series break,,,,,0,Units,L_3,within last 3 months,2,Two,WHO,WHO
DATAFLOW,OECD.STI.DEP:DSD_ICT_B@DF_BUSINESSES(1.0),ICT Access and Usage by Businesses,I,SWE,Sweden,A,Annual,H1_B,Businesses which employ ICT specialists,PT_ENT,Percentage of enterprises,H,Transportation and storage,S_GE10,10 or more,2024,,12.860199999999999,,B,Time series break,,,,,0,Units,L_3,within last 3 months,2,Two,TRA,TRA
DATAFLOW,OECD.STI.DEP:DSD_ICT_B@DF_BUSINESSES(1.0),ICT Access and Usage by Businesses,I,SWE,Sweden,A,Annual,H1_B,Businesses which employ ICT specialists,PT_ENT,Percentage of enterprises,L,Real estate activities,S_GE10,10 or more,2024,,19.4104,,B,Time series break,,,,,0,Units,L_3,within last 3 months,2,Two,REA,REA
DATAFLOW,OECD.STI.DEP:DSD_ICT_B@DF_BUSINESSES(1.0),ICT Access and Usage by Businesses,I,SWE,Sweden,A,Annual,H1_B,Businesses which employ ICT specialists,PT_ENT,Percentage of enterprises,I,Accommodation and food service activities,S_GE10,10 or more,2024,,7.2038,,B,Time series break,,,,,0,Units,L_3,within last 3 months,2,Two,ACC,ACC
DATAFLOW,OECD.STI.DEP:DSD_ICT_B@DF_BUSINESSES(1.0),ICT Access and Usage by Businesses,I,SWE,Sweden,A,Annual,H1_B,Businesses which employ ICT specialists,PT_ENT,Percentage of enterprises,C,Manufacturing,S_GE10,10 or more,2024,,24.0065,,B,Time series break,,,,,0,Units,L_3,within last 3 months,2,Two,MAN,MAN
DATAFLOW,OECD.STI.DEP:DSD_ICT_B@DF_BUSINESSES(1.0),ICT Access and Usage by Businesses,I,SWE,Sweden,A,Annual,H1_B,Businesses which employ ICT specialists,PT_ENT,Percentage of enterprises,J,Information and communication,S_GE10,10 or more,2024,,80.7933,,B,Time series break,,,,,0,Units,L_3,within last 3 months,2,Two,INF,INF
DATAFLOW,OECD.STI.DEP:DSD_ICT_B@DF_BUSINESSES(1.0),ICT Access and Usage by Businesses,I,SWE,Sweden,A,Annual,H1_B,Businesses which employ ICT specialists,PT_ENT,Percentage of enterprises,N,Administrative and support service activities,S_GE10,10 or more,2024,,11.4135,,B,Time series break,,,,,0,Units,L_3,within last 3 months,2,Two,ADM,ADM
DATAFLOW,OECD.STI.DEP:DSD_ICT_B@DF_BUSINESSES(1.0),ICT Access and Usage by Businesses,I,SWE,Sweden,A,Annual,H1_B,Businesses which employ ICT specialists,PT_ENT,Percentage of enterprises,M,"Professional, scientific and technical activities",S_GE10,10 or more,2024,,27.3926,,B,Time series break,,,,,0,Units,L_3,within last 3 months,2,Two,PRO,PRO
DATAFLOW,OECD.STI.DEP:DSD_ICT_B@DF_BUSINESSES(1.0),ICT Access and Usage by Businesses,I,FRA,France,A,Annual,H1_B,Businesses which employ ICT specialists,PT_ENT,Percentage of enterprises,M,"Professional, scientific and technical activities",S_GE10,10 or more,2022,,26.7957,,B,Time series break,,,,,0,Units,L_3,within last 3 months,2,Two,PRO,PRO
DATAFLOW,OECD.STI.DEP:DSD_ICT_B@DF_BUSINESSES(1.0),ICT Access and Usage by Businesses,I,FRA,France,A,Annual,H1_B,Businesses which employ ICT specialists,PT_ENT,Percentage of enterprises,H,Transportation and storage,S_GE10,10 or more,2022,,8.9893,,B,Time series break,,,,,0,Units,L_3,within last 3 months,2,Two,TRA,TRA
DATAFLOW,OECD.STI.DEP:DSD_ICT_B@DF_BUSINESSES(1.0),ICT Access and Usage by Businesses,I,FRA,France,A,Annual,H1_B,Businesses which employ ICT specialists,PT_ENT,Percentage of enterprises,_T,Total - all activities,S_GE10,10 or more,2022,,17.555200000000003,,B,Time series break,,,,,0,Units,L_3,within last 3 months,2,Two,BUS_TOTAL,BUS_TOTAL
DATAFLOW,OECD.STI.DEP:DSD_ICT_B@DF_BUSINESSES(1.0),ICT Access and Usage by Businesses,I,FRA,France,A,Annual,H1_B,Businesses which employ ICT specialists,PT_ENT,Percentage of enterprises,G47,"Retail trade, except of motor vehicles and motorcycles",S_GE10,10 or more,2022,,8.2731,,B,Time series break,,,,,0,Units,L_3,within last 3 months,2,Two,RET,RET
DATAFLOW,OECD.STI.DEP:DSD_ICT_B@DF_BUSINESSES(1.0),ICT Access and Usage by Businesses,I,FRA,France,A,Annual,H1_B,Businesses which employ ICT specialists,PT_ENT,Percentage of enterprises,I,Accommodation and food service activities,S_GE10,10 or more,2022,,7.2412,,B,Time series break,,,,,0,Units,L_3,within last 3 months,2,Two,ACC,ACC
DATAFLOW,OECD.STI.DEP:DSD_ICT_B@DF_BUSINESSES(1.0),ICT Access and Usage by Businesses,I,FRA,France,A,Annual,H1_B,Businesses which employ ICT specialists,PT_ENT,Percentage of enterprises,N,Administrative and support service activities,S_GE10,10 or more,2022,,14.1988,,B,Time series break,,,,,0,Units,L_3,within last 3 months,2,Two,ADM,ADM
DATAFLOW,OECD.STI.DEP:DSD_ICT_B@DF_BUSINESSES(1.0),ICT Access and Usage by Businesses,I,FRA,France,A,Annual,H1_B,Businesses which employ ICT specialists,PT_ENT,Percentage of enterprises,F,Construction,S_GE10,10 or more,2022,,4.8917,,B,Time series break,,,,,0,Units,L_3,within last 3 months,2,Two,CON,CON
DATAFLOW,OECD.STI.DEP:DSD_ICT_B@DF_BUSINESSES(1.0),ICT Access and Usage by Businesses,I,FRA,France,A,Annual,H1_B,Businesses which employ ICT specialists,PT_ENT,Percentage of enterprises,L,Real estate activities,S_GE10,10 or more,2022,,34.5415,,B,Time series break,,,,,0,Units,L_3,within last 3 months,2,Two,REA,REA
DATAFLOW,OECD.STI.DEP:DSD_ICT_B@DF_BUSINESSES(1.0),ICT Access and Usage by Businesses,I,FRA,France,A,Annual,H1_B,Businesses which employ ICT specialists,PT_ENT,Percentage of enterprises,C,Manufacturing,S_GE10,10 or more,2022,,20.454800000000002,,B,Time series break,,,,,0,Units,L_3,within last 3 months,2,Two,MAN,MAN
DATAFLOW,OECD.STI.DEP:DSD_ICT_B@DF_BUSINESSES(1.0),ICT Access and Usage by Businesses,I,FRA,France,A,Annual,H1_B,Businesses which employ ICT specialists,PT_ENT,Percentage of enterprises,J,Information and communication,S_GE10,10 or more,2022,,80.6606,,B,Time series break,,,,,0,Units,L_3,within last 3 months,2,Two,INF,INF
DATAFLOW,OECD.STI.DEP:DSD_ICT_B@DF_BUSINESSES(1.0),ICT Access and Usage by Businesses,I,FRA,France,A,Annual,H1_B,Businesses which employ ICT specialists,PT_ENT,Percentage of enterprises,G46,"Wholesale trade, except of motor vehicles and motorcycles",S_GE10,10 or more,2022,,27.704,,B,Time series break,,,,,0,Units,L_3,within last 3 months,2,Two,WHO,WHO
DATAFLOW,OECD.STI.DEP:DSD_ICT_B@DF_BUSINESSES(1.0),ICT Access and Usage by Businesses,I,AUS,Australia,A,Annual,H3_B,Businesses which provided any type of training to develop ICT related skills of the persons employed,PT_ENT,Percentage of enterprises,I,Accommodation and food service activities,S_GE10,10 or more,2022,,18.14,,B,Time series break,,,,,0,Units,L_3,within last 3 months,2,Two,ACC,ACC
DATAFLOW,OECD.STI.DEP:DSD_ICT_B@DF_BUSINESSES(1.0),ICT Access and Usage by Businesses,I,AUS,Australia,A,Annual,H3_B,Businesses which provided any type of training to develop ICT related skills of the persons employed,PT_ENT,Percentage of enterprises,_T,Total - all activities,S_GE10,10 or more,2022,,27.74,,B,Time series break,,,,,0,Units,L_3,within last 3 months,2,Two,BUS_TOTAL,BUS_TOTAL
DATAFLOW,OECD.STI.DEP:DSD_ICT_B@DF_BUSINESSES(1.0),ICT Access and Usage by Businesses,I,KOR,Korea,A,Annual,G14_B,Businesses using artificial intelligence (AI),PT_ENT,Percentage of enterprises,N,Administrative and support service activities,S_GE10,10 or more,2022,,11.56804577184278,,B,Time series break,,,,,0,Units,,,2,Two,ADM,ADM
DATAFLOW,OECD.STI.DEP:DSD_ICT_B@DF_BUSINESSES(1.0),ICT Access and Usage by Businesses,I,KOR,Korea,A,Annual,G14_B,Businesses using artificial intelligence (AI),PT_ENT,Percentage of enterprises,M,"Professional, scientific and technical activities",S_GE10,10 or more,2022,,36.58088283853906,,B,Time series break,,,,,0,Units,,,2,Two,PRO,PRO
DATAFLOW,OECD.STI.DEP:DSD_ICT_B@DF_BUSINESSES(1.0),ICT Access and Usage by Businesses,I,KOR,Korea,A,Annual,G14_B,Businesses using artificial intelligence (AI),PT_ENT,Percentage of enterprises,F,Construction,S_GE10,10 or more,2022,,21.628183045937114,,B,Time series break,,,,,0,Units,,,2,Two,CON,CON
DATAFLOW,OECD.STI.DEP:DSD_ICT_B@DF_BUSINESSES(1.0),ICT Access and Usage by Businesses,I,KOR,Korea,A,Annual,G14_B,Businesses using artificial intelligence (AI),PT_ENT,Percentage of enterprises,I,Accommodation and food service activities,S_GE10,10 or more,2022,,22.914741007201563,,B,Time series break,,,,,0,Units,,,2,Two,ACC,ACC
DATAFLOW,OECD.STI.DEP:DSD_ICT_B@DF_BUSINESSES(1.0),ICT Access and Usage by Businesses,I,KOR,Korea,A,Annual,G3_B,Businesses purchasing cloud computing services,PT_ENT,Percentage of enterprises,_T,Total - all activities,S_GE10,10 or more,2022,,69.5,,B,Time series break,,,,,0,Units,,,2,Two,BUS_TOTAL,BUS_TOTAL
DATAFLOW,OECD.STI.DEP:DSD_ICT_B@DF_BUSINESSES(1.0),ICT Access and Usage by Businesses,I,KOR,Korea,A,Annual,G14_B,Businesses using artificial intelligence (AI),PT_ENT,Percentage of enterprises,H,Transportation and storage,S_GE10,10 or more,2022,,11.638006830174534,,B,Time series break,,,,,0,Units,,,2,Two,TRA,TRA
DATAFLOW,OECD.STI.DEP:DSD_ICT_B@DF_BUSINESSES(1.0),ICT Access and Usage by Businesses,I,KOR,Korea,A,Annual,G3_B,Businesses purchasing cloud computing services,PT_ENT,Percentage of enterprises,M,"Professional, scientific and technical activities",S_GE10,10 or more,2022,,75.7723004880961,,B,Time series break,,,,,0,Units,,,2,Two,PRO,PRO
DATAFLOW,OECD.STI.DEP:DSD_ICT_B@DF_BUSINESSES(1.0),ICT Access and Usage by Businesses,I,KOR,Korea,A,Annual,G7_B,Businesses having performed big data analysis,PT_ENT,Percentage of enterprises,N,Administrative and support service activities,S_GE10,10 or more,2022,,17.44596446913431,,B,Time series break,,,,,0,Units,,,2,Two,ADM,ADM
DATAFLOW,OECD.STI.DEP:DSD_ICT_B@DF_BUSINESSES(1.0),ICT Access and Usage by Businesses,I,KOR,Korea,A,Annual,G14_B,Businesses using artificial intelligence (AI),PT_ENT,Percentage of enterprises,C,Manufacturing,S_GE10,10 or more,2022,,31.608799789853816,,B,Time series break,,,,,0,Units,,,2,Two,MAN,MAN
DATAFLOW,OECD.STI.DEP:DSD_ICT_B@DF_BUSINESSES(1.0),ICT Access and Usage by Businesses,I,KOR,Korea,A,Annual,G14_B,Businesses using artificial intelligence (AI),PT_ENT,Percentage of enterprises,_T,Total - all activities,S_GE10,10 or more,2022,,27.988619795321316,,B,Time series break,,,,,0,Units,,,2,Two,BUS_TOTAL,BUS_TOTAL
DATAFLOW,OECD.STI.DEP:DSD_ICT_B@DF_BUSINESSES(1.0),ICT Access and Usage by Businesses,I,AUT,Austria,A,Annual,G14_B,Businesses using artificial intelligence (AI),PT_ENT,Percentage of enterprises,F,Construction,S_GE10,10 or more,2021,,3.1178,,B,Time series break,,,,,0,Units,,,2,Two,CON,CON
DATAFLOW,OECD.STI.DEP:DSD_ICT_B@DF_BUSINESSES(1.0),ICT Access and Usage by Businesses,I,CZE,Czechia,A,Annual,G14_B,Businesses using artificial intelligence (AI),PT_ENT,Percentage of enterprises,G46,"Wholesale trade, except of motor vehicles and motorcycles",S_GE10,10 or more,2021,,4.1154,,B,Time series break,,,,,0,Units,,,2,Two,WHO,WHO
DATAFLOW,OECD.STI.DEP:DSD_ICT_B@DF_BUSINESSES(1.0),ICT Access and Usage by Businesses,I,DNK,Denmark,A,Annual,G14_B,Businesses using artificial intelligence (AI),PT_ENT,Percentage of enterprises,G47,"Retail trade, except of motor vehicles and motorcycles",S_GE10,10 or more,2021,,19.9967,,B,Time series break,,,,,0,Units,,,2,Two,RET,RET
DATAFLOW,OECD.STI.DEP:DSD_ICT_B@DF_BUSINESSES(1.0),ICT Access and Usage by Businesses,I,EST,Estonia,A,Annual,G14_B,Businesses using artificial intelligence (AI),PT_ENT,Percentage of enterprises,H,Transportation and storage,S_GE10,10 or more,2021,,2.3598,,B,Time series break,,,,,0,Units,,,2,Two,TRA,TRA
DATAFLOW,OECD.STI.DEP:DSD_ICT_B@DF_BUSINESSES(1.0),ICT Access and Usage by Businesses,I,DEU,Germany,A,Annual,G14_B,Businesses using artificial intelligence (AI),PT_ENT,Percentage of enterprises,I,Accommodation and food service activities,S_GE10,10 or more,2021,,3.8773,,B,Time series break,,,,,0,Units,,,2,Two,ACC,ACC
DATAFLOW,OECD.STI.DEP:DSD_ICT_B@DF_BUSINESSES(1.0),ICT Access and Usage by Businesses,I,HUN,Hungary,A,Annual,G14_B,Businesses using artificial intelligence (AI),PT_ENT,Percentage of enterprises,J,Information and communication,S_GE10,10 or more,2021,,13.0909,,B,Time series break,,,,,0,Units,,,2,Two,INF,INF
DATAFLOW,OECD.STI.DEP:DSD_ICT_B@DF_BUSINESSES(1.0),ICT Access and Usage by Businesses,I,ITA,Italy,A,Annual,G14_B,Businesses using artificial intelligence (AI),PT_ENT,Percentage of enterprises,L,Real estate activities,S_GE10,10 or more,2021,,3.1926,,B,Time series break,,,,,0,Units,,,2,Two,REA,REA
DATAFLOW,OECD.STI.DEP:DSD_ICT_B@DF_BUSINESSES(1.0),ICT Access and Usage by Businesses,I,LTU,Lithuania,A,Annual,G14_B,Businesses using artificial intelligence (AI),PT_ENT,Percentage of enterprises,M,"Professional, scientific and technical activities",S_GE10,10 or more,2021,,7.217700000000001,,B,Time series break,,,,,0,Units,,,2,Two,PRO,PRO
DATAFLOW,OECD.STI.DEP:DSD_ICT_B@DF_BUSINESSES(1.0),ICT Access and Usage by Businesses,I,NOR,Norway,A,Annual,G14_B,Businesses using artificial intelligence (AI),PT_ENT,Percentage of enterprises,N,Administrative and support service activities,S_GE10,10 or more,2021,,14.5917,,B,Time series break,,,,,0,Units,,,2,Two,ADM,ADM
DATAFLOW,OECD.STI.DEP:DSD_ICT_B@DF_BUSINESSES(1.0),ICT Access and Usage by Businesses,I,SVN,Slovenia,A,Annual,G14_B,Businesses using artificial intelligence (AI),PT_ENT,Percentage of enterprises,_T,Total - all activities,S_GE10,10 or more,2021,,11.7312,,B,Time series break,,,,,0,Units,,,2,Two,BUS_TOTAL,BUS_TOTAL
DATAFLOW,OECD.STI.DEP:DSD_ICT_B@DF_BUSINESSES(1.0),ICT Access and Usage by Businesses,I,FRA,France,A,Annual,H3_B,Businesses which provided any type of training to develop ICT related skills of the persons employed,PT_ENT,Percentage of enterprises,_T,Total - all activities,S_GE10,10 or more,2021,,15.093300000000001,,B,Time series break,,,,,0,Units,L_3,within last 3 months,2,Two,BUS_TOTAL,BUS_TOTAL
DATAFLOW,OECD.STI.DEP:DSD_ICT_B@DF_BUSINESSES(1.0),ICT Access and Usage by Businesses,I,FRA,France,A,Annual,H3_B,Businesses which provided any type of training to develop ICT related skills of the persons employed,PT_ENT,Percentage of enterprises,F,Construction,S_GE10,10 or more,2021,,6.014,,B,Time series break,,,,,0,Units,L_3,within last 3 months,2,Two,CON,CON
DATAFLOW,OECD.STI.DEP:DSD_ICT_B@DF_BUSINESSES(1.0),ICT Access and Usage by Businesses,I,FRA,France,A,Annual,H3_B,Businesses which provided any type of training to develop ICT related skills of the persons employed,PT_ENT,Percentage of enterprises,L,Real estate activities,S_GE10,10 or more,2021,,35.2469,,B,Time series break,,,,,0,Units,L_3,within last 3 months,2,Two,REA,REA
DATAFLOW,OECD.STI.DEP:DSD_ICT_B@DF_BUSINESSES(1.0),ICT Access and Usage by Businesses,I,FRA,France,A,Annual,H3_B,Businesses which provided any type of training to develop ICT related skills of the persons employed,PT_ENT,Percentage of enterprises,H,Transportation and storage,S_GE10,10 or more,2021,,7.7246999999999995,,B,Time series break,,,,,0,Units,L_3,within last 3 months,2,Two,TRA,TRA
DATAFLOW,OECD.STI.DEP:DSD_ICT_B@DF_BUSINESSES(1.0),ICT Access and Usage by Businesses,I,FRA,France,A,Annual,H3_B,Businesses which provided any type of training to develop ICT related skills of the persons employed,PT_ENT,Percentage of enterprises,I,Accommodation and food service activities,S_GE10,10 or more,2021,,6.2093,,B,Time series break,,,,,0,Units,L_3,within last 3 months,2,Two,ACC,ACC
DATAFLOW,OECD.STI.DEP:DSD_ICT_B@DF_BUSINESSES(1.0),ICT Access and Usage by Businesses,I,FRA,France,A,Annual,H3_B,Businesses which provided any type of training to develop ICT related skills of the persons employed,PT_ENT,Percentage of enterprises,C,Manufacturing,S_GE10,10 or more,2021,,16.566300000000002,,B,Time series break,,,,,0,Units,L_3,within last 3 months,2,Two,MAN,MAN
DATAFLOW,OECD.STI.DEP:DSD_ICT_B@DF_BUSINESSES(1.0),ICT Access and Usage by Businesses,I,FRA,France,A,Annual,H3_B,Businesses which provided any type of training to develop ICT related skills of the persons employed,PT_ENT,Percentage of enterprises,M,"Professional, scientific and technical activities",S_GE10,10 or more,2021,,25.0762,,B,Time series break,,,,,0,Units,L_3,within last 3 months,2,Two,PRO,PRO
DATAFLOW,OECD.STI.DEP:DSD_ICT_B@DF_BUSINESSES(1.0),ICT Access and Usage by Businesses,I,FRA,France,A,Annual,H3_B,Businesses which provided any type of training to develop ICT related skills of the persons employed,PT_ENT,Percentage of enterprises,J,Information and communication,S_GE10,10 or more,2021,,57.68879999999999,,B,Time series break,,,,,0,Units,L_3,within last 3 months,2,Two,INF,INF
DATAFLOW,OECD.STI.DEP:DSD_ICT_B@DF_BUSINESSES(1.0),ICT Access and Usage by Businesses,I,FRA,France,A,Annual,G14_B,Businesses using artificial intelligence (AI),PT_ENT,Percentage of enterprises,C,Manufacturing,S_GE10,10 or more,2023,,4.8674,,B,Time series break,,,,,0,Units,,,2,Two,MAN,MAN
DATAFLOW,OECD.STI.DEP:DSD_ICT_B@DF_BUSINESSES(1.0),ICT Access and Usage by Businesses,I,FRA,France,A,Annual,G14_B,Businesses using artificial intelligence (AI),PT_ENT,Percentage of enterprises,H,Transportation and storage,S_GE10,10 or more,2023,,2.3512,,B,Time series break,,,,,0,Units,,,2,Two,TRA,TRA
DATAFLOW,OECD.STI.DEP:DSD_ICT_B@DF_BUSINESSES(1.0),ICT Access and Usage by Businesses,I,FRA,France,A,Annual,G3_B,Businesses purchasing cloud computing services,PT_ENT,Percentage of enterprises,I,Accommodation and food service activities,S_GE10,10 or more,2023,,16.3026,,B,Time series break,,,,,0,Units,,,2,Two,ACC,ACC
DATAFLOW,OECD.STI.DEP:DSD_ICT_B@DF_BUSINESSES(1.0),ICT Access and Usage by Businesses,I,FRA,France,A,Annual,G3_B,Businesses purchasing cloud computing services,PT_ENT,Percentage of enterprises,F,Construction,S_GE10,10 or more,2023,,19.9857,,B,Time series break,,,,,0,Units,,,2,Two,CON,CON
DATAFLOW,OECD.STI.DEP:DSD_ICT_B@DF_BUSINESSES(1.0),ICT Access and Usage by Businesses,I,FRA,France,A,Annual,G14_B,Businesses using artificial intelligence (AI),PT_ENT,Percentage of enterprises,L,Real estate activities,S_GE10,10 or more,2023,,7.0201,,B,Time series break,,,,,0,Units,,,2,Two,REA,REA
DATAFLOW,OECD.STI.DEP:DSD_ICT_B@DF_BUSINESSES(1.0),ICT Access and Usage by Businesses,I,FRA,France,A,Annual,G3_B,Businesses purchasing cloud computing services,PT_ENT,Percentage of enterprises,_T,Total - all activities,S_GE10,10 or more,2023,,26.7592,,B,Time series break,,,,,0,Units,,,2,Two,BUS_TOTAL,BUS_TOTAL
DATAFLOW,OECD.STI.DEP:DSD_ICT_B@DF_BUSINESSES(1.0),ICT Access and Usage by Businesses,I,FRA,France,A,Annual,G3_B,Businesses purchasing cloud computing services,PT_ENT,Percentage of enterprises,L,Real estate activities,S_GE10,10 or more,2023,,45.3375,,B,Time series break,,,,,0,Units,,,2,Two,REA,REA
DATAFLOW,OECD.STI.DEP:DSD_ICT_B@DF_BUSINESSES(1.0),ICT Access and Usage by Businesses,I,AUT,Austria,A,Annual,G7_B,Businesses having performed big data analysis,PT_ENT,Percentage of enterprises,G46,"Wholesale trade, except of motor vehicles and motorcycles",S_GE10,10 or more,2023,,35.4298,,B,Time series break,,,,,0,Units,,,2,Two,WHO,WHO
DATAFLOW,OECD.STI.DEP:DSD_ICT_B@DF_BUSINESSES(1.0),ICT Access and Usage by Businesses,I,BEL,Belgium,A,Annual,G7_B,Businesses having performed big data analysis,PT_ENT,Percentage of enterprises,G47,"Retail trade, except of motor vehicles and motorcycles",S_GE10,10 or more,2023,,41.4482,,B,Time series break,,,,,0,Units,,,2,Two,RET,RET
DATAFLOW,OECD.STI.DEP:DSD_ICT_B@DF_BUSINESSES(1.0),ICT Access and Usage by Businesses,I,DNK,Denmark,A,Annual,G7_B,Businesses having performed big data analysis,PT_ENT,Percentage of enterprises,H,Transportation and storage,S_GE10,10 or more,2023,,43.7965,,B,Time series break,,,,,0,Units,,,2,Two,TRA,TRA
DATAFLOW,OECD.STI.DEP:DSD_ICT_B@DF_BUSINESSES(1.0),ICT Access and Usage by Businesses,I,EST,Estonia,A,Annual,G7_B,Businesses having performed big data analysis,PT_ENT,Percentage of enterprises,I,Accommodation and food service activities,S_GE10,10 or more,2023,,13.9656,,B,Time series break,,,,,0,Units,,,2,Two,ACC,ACC
DATAFLOW,OECD.STI.DEP:DSD_ICT_B@DF_BUSINESSES(1.0),ICT Access and Usage by Businesses,I,FIN,Finland,A,Annual,G7_B,Businesses having performed big data analysis,PT_ENT,Percentage of enterprises,J,Information and communication,S_GE10,10 or more,2023,,68.8705,,B,Time series break,,,,,0,Units,,,2,Two,INF,INF
DATAFLOW,OECD.STI.DEP:DSD_ICT_B@DF_BUSINESSES(1.0),ICT Access and Usage by Businesses,I,DEU,Germany,A,Annual,G7_B,Businesses having performed big data analysis,PT_ENT,Percentage of enterprises,L,Real estate activities,S_GE10,10 or more,2023,,37.3001,,B,Time series break,,,,,0,Units,,,2,Two,REA,REA
DATAFLOW,OECD.STI.DEP:DSD_ICT_B@DF_BUSINESSES(1.0),ICT Access and Usage by Businesses,I,GRC,Greece,A,Annual,G7_B,Businesses having performed big data analysis,PT_ENT,Percentage of enterprises,M,"Professional, scientific and technical activities",S_GE10,10 or more,2023,,32.5544,,B,Time series break,,,,,0,Units,,,2,Two,PRO,PRO
DATAFLOW,OECD.STI.DEP:DSD_ICT_B@DF_BUSINESSES(1.0),ICT Access and Usage by Businesses,I,HUN,Hungary,A,Annual,G7_B,Businesses having performed big data analysis,PT_ENT,Percentage of enterprises,N,Administrative and support service activities,S_GE10,10 or more,2023,,49.6638,,B,Time series break,,,,,0,Units,,,2,Two,ADM,ADM
DATAFLOW,OECD.STI.DEP:DSD_ICT_B@DF_BUSINESSES(1.0),ICT Access and Usage by Businesses,I,LVA,Latvia,A,Annual,G7_B,Businesses having performed big data analysis,PT_ENT,Percentage of enterprises,_T,Total - all activities,S_GE10,10 or more,2023,,36.8659,,B,Time series break,,,,,0,Units,,,2,Two,BUS_TOTAL,BUS_TOTAL
DATAFLOW,OECD.STI.DEP:DSD_ICT_B@DF_BUSINESSES(1.0),ICT Access and Usage by Businesses,I,HRV,Croatia,A,Annual,G7_B,Businesses having performed big data analysis,PT_ENT,Percentage of enterprises,C,Manufacturing,S_GE10,10 or more,2023,,50.38550000000001,,B,Time series break,,,,,0,Units,,,2,Two,MAN,MAN
DATAFLOW,OECD.STI.DEP:DSD_ICT_B@DF_BUSINESSES(1.0),ICT Access and Usage by Businesses,I,ROU,Romania,A,Annual,G7_B,Businesses having performed big data analysis,PT_ENT,Percentage of enterprises,F,Construction,S_GE10,10 or more,2023,,11.2209,,B,Time series break,,,,,0,Units,,,2,Two,CON,CON
DATAFLOW,OECD.STI.DEP:DSD_ICT_B@DF_BUSINESSES(1.0),ICT Access and Usage by Businesses,I,SWE,Sweden,A,Annual,H3_B,Businesses which provided any type of training to develop ICT related skills of the persons employed,PT_ENT,Percentage of enterprises,J,Information and communication,S_GE10,10 or more,2023,,68.1707,,B,Time series break,,,,,0,Units,L_3,within last 3 months,2,Two,INF,INF
DATAFLOW,OECD.STI.DEP:DSD_ICT_B@DF_BUSINESSES(1.0),ICT Access and Usage by Businesses,I,SWE,Sweden,A,Annual,H3_B,Businesses which provided any type of training to develop ICT related skills of the persons employed,PT_ENT,Percentage of enterprises,C,Manufacturing,S_GE10,10 or more,2023,,36.098,,B,Time series break,,,,,0,Units,L_3,within last 3 months,2,Two,MAN,MAN
DATAFLOW,OECD.STI.DEP:DSD_ICT_B@DF_BUSINESSES(1.0),ICT Access and Usage by Businesses,I,SWE,Sweden,A,Annual,H3_B,Businesses which provided any type of training to develop ICT related skills of the persons employed,PT_ENT,Percentage of enterprises,_T,Total - all activities,S_GE10,10 or more,2023,,30.826900000000002,,B,Time series break,,,,,0,Units,L_3,within last 3 months,2,Two,BUS_TOTAL,BUS_TOTAL
DATAFLOW,OECD.STI.DEP:DSD_ICT_B@DF_BUSINESSES(1.0),ICT Access and Usage by Businesses,I,SWE,Sweden,A,Annual,H3_B,Businesses which provided any type of training to develop ICT related skills of the persons employed,PT_ENT,Percentage of enterprises,F,Construction,S_GE10,10 or more,2023,,20.0045,,B,Time series break,,,,,0,Units,L_3,within last 3 months,2,Two,CON,CON
DATAFLOW,OECD.STI.DEP:DSD_ICT_B@DF_BUSINESSES(1.0),ICT Access and Usage by Businesses,I,SWE,Sweden,A,Annual,H3_B,Businesses which provided any type of training to develop ICT related skills of the persons employed,PT_ENT,Percentage of enterprises,M,"Professional, scientific and technical activities",S_GE10,10 or more,2023,,41.1218,,B,Time series break,,,,,0,Units,L_3,within last 3 months,2,Two,PRO,PRO
DATAFLOW,OECD.STI.DEP:DSD_ICT_B@DF_BUSINESSES(1.0),ICT Access and Usage by Businesses,I,SWE,Sweden,A,Annual,H3_B,Businesses which provided any type of training to develop ICT related skills of the persons employed,PT_ENT,Percentage of enterprises,L,Real estate activities,S_GE10,10 or more,2023,,41.482400000000005,,B,Time series break,,,,,0,Units,L_3,within last 3 months,2,Two,REA,REA
DATAFLOW,OECD.STI.DEP:DSD_ICT_B@DF_BUSINESSES(1.0),ICT Access and Usage by Businesses,I,SWE,Sweden,A,Annual,H3_B,Businesses which provided any type of training to develop ICT related skills of the persons employed,PT_ENT,Percentage of enterprises,I,Accommodation and food service activities,S_GE10,10 or more,2023,,9.1111,,B,Time series break,,,,,0,Units,L_3,within last 3 months,2,Two,ACC,ACC
DATAFLOW,OECD.STI.DEP:DSD_ICT_B@DF_BUSINESSES(1.0),ICT Access and Usage by Businesses,I,SWE,Sweden,A,Annual,H3_B,Businesses which provided any type of training to develop ICT related skills of the persons employed,PT_ENT,Percentage of enterprises,H,Transportation and storage,S_GE10,10 or more,2023,,17.1401,,B,Time series break,,,,,0,Units,L_3,within last 3 months,2,Two,TRA,TRA
DATAFLOW,OECD.STI.DEP:DSD_ICT_B@DF_BUSINESSES(1.0),ICT Access and Usage by Businesses,I,SWE,Sweden,A,Annual,G3_B,Businesses purchasing cloud computing services,PT_ENT,Percentage of enterprises,M,"Professional, scientific and technical activities",S_GE10,10 or more,2023,,90.323,,B,Time series break,,,,,0,Units,,,2,Two,PRO,PRO
DATAFLOW,OECD.STI.DEP:DSD_ICT_B@DF_BUSINESSES(1.0),ICT Access and Usage by Businesses,I,SWE,Sweden,A,Annual,G14_B,Businesses using artificial intelligence (AI),PT_ENT,Percentage of enterprises,I,Accommodation and food service activities,S_GE10,10 or more,2023,,3.1767999999999996,,B,Time series break,,,,,0,Units,,,2,Two,ACC,ACC
DATAFLOW,OECD.STI.DEP:DSD_ICT_B@DF_BUSINESSES(1.0),ICT Access and Usage by Businesses,I,SWE,Sweden,A,Annual,G3_B,Businesses purchasing cloud computing services,PT_ENT,Percentage of enterprises,H,Transportation and storage,S_GE10,10 or more,2023,,61.7306,,B,Time series break,,,,,0,Units,,,2,Two,TRA,TRA
DATAFLOW,OECD.STI.DEP:DSD_ICT_B@DF_BUSINESSES(1.0),ICT Access and Usage by Businesses,I,SWE,Sweden,A,Annual,G14_B,Businesses using artificial intelligence (AI),PT_ENT,Percentage of enterprises,M,"Professional, scientific and technical activities",S_GE10,10 or more,2023,,20.6922,,B,Time series break,,,,,0,Units,,,2,Two,PRO,PRO
DATAFLOW,OECD.STI.DEP:DSD_ICT_B@DF_BUSINESSES(1.0),ICT Access and Usage by Businesses,I,SWE,Sweden,A,Annual,G14_B,Businesses using artificial intelligence (AI),PT_ENT,Percentage of enterprises,F,Construction,S_GE10,10 or more,2023,,2.7788,,B,Time series break,,,,,0,Units,,,2,Two,CON,CON
DATAFLOW,OECD.STI.DEP:DSD_ICT_B@DF_BUSINESSES(1.0),ICT Access and Usage by Businesses,I,SWE,Sweden,A,Annual,G3_B,Businesses purchasing cloud computing services,PT_ENT,Percentage of enterprises,C,Manufacturing,S_GE10,10 or more,2023,,70.6084,,B,Time series break,,,,,0,Units,,,2,Two,MAN,MAN
DATAFLOW,OECD.STI.DEP:DSD_ICT_B@DF_BUSINESSES(1.0),ICT Access and Usage by Businesses,I,SWE,Sweden,A,Annual,G3_B,Businesses purchasing cloud computing services,PT_ENT,Percentage of enterprises,J,Information and communication,S_GE10,10 or more,2023,,92.4196,,B,Time series break,,,,,0,Units,,,2,Two,INF,INF
DATAFLOW,OECD.STI.DEP:DSD_ICT_B@DF_BUSINESSES(1.0),ICT Access and Usage by Businesses,I,OECD,OECD,A,Annual,H1_B,Businesses which employ ICT specialists,PT_ENT,Percentage of enterprises,M,"Professional, scientific and technical activities",S_GE10,10 or more,2023,,33.66643482413793,,B,Time series break,,,,,0,Units,L_3,within last 3 months,2,Two,PRO,PRO
DATAFLOW,OECD.STI.DEP:DSD_ICT_B@DF_BUSINESSES(1.0),ICT Access and Usage by Businesses,I,OECD,OECD,A,Annual,H1_B,Businesses which employ ICT specialists,PT_ENT,Percentage of enterprises,F,Construction,S_GE10,10 or more,2023,,9.859794967333332,,B,Time series break,,,,,0,Units,L_3,within last 3 months,2,Two,CON,CON
DATAFLOW,OECD.STI.DEP:DSD_ICT_B@DF_BUSINESSES(1.0),ICT Access and Usage by Businesses,I,OECD,OECD,A,Annual,H1_B,Businesses which employ ICT specialists,PT_ENT,Percentage of enterprises,I,Accommodation and food service activities,S_GE10,10 or more,2023,,9.790257021612902,,B,Time series break,,,,,0,Units,L_3,within last 3 months,2,Two,ACC,ACC
DATAFLOW,OECD.STI.DEP:DSD_ICT_B@DF_BUSINESSES(1.0),ICT Access and Usage by Businesses,I,OECD,OECD,A,Annual,H1_B,Businesses which employ ICT specialists,PT_ENT,Percentage of enterprises,J,Information and communication,S_GE10,10 or more,2023,,74.99612268838709,,B,Time series break,,,,,0,Units,L_3,within last 3 months,2,Two,INF,INF
DATAFLOW,OECD.STI.DEP:DSD_ICT_B@DF_BUSINESSES(1.0),ICT Access and Usage by Businesses,I,OECD,OECD,A,Annual,H1_B,Businesses which employ ICT specialists,PT_ENT,Percentage of enterprises,G46,"Wholesale trade, except of motor vehicles and motorcycles",S_GE10,10 or more,2023,,28.581755537499998,,B,Time series break,,,,,0,Units,L_3,within last 3 months,2,Two,WHO,WHO
DATAFLOW,OECD.STI.DEP:DSD_ICT_B@DF_BUSINESSES(1.0),ICT Access and Usage by Businesses,I,OECD,OECD,A,Annual,H1_B,Businesses which employ ICT specialists,PT_ENT,Percentage of enterprises,G47,"Retail trade, except of motor vehicles and motorcycles",S_GE10,10 or more,2023,,17.244178481666665,,B,Time series break,,,,,0,Units,L_3,within last 3 months,2,Two,RET,RET
DATAFLOW,OECD.STI.DEP:DSD_ICT_B@DF_BUSINESSES(1.0),ICT Access and Usage by Businesses,I,OECD,OECD,A,Annual,H1_B,Businesses which employ ICT specialists,PT_ENT,Percentage of enterprises,C,Manufacturing,S_GE10,10 or more,2023,,23.581068991,,B,Time series break,,,,,0,Units,L_3,within last 3 months,2,Two,MAN,MAN
DATAFLOW,OECD.STI.DEP:DSD_ICT_B@DF_BUSINESSES(1.0),ICT Access and Usage by Businesses,I,OECD,OECD,A,Annual,H1_B,Businesses which employ ICT specialists,PT_ENT,Percentage of enterprises,N,Administrative and support service activities,S_GE10,10 or more,2023,,21.58528417419355,,B,Time series break,,,,,0,Units,L_3,within last 3 months,2,Two,ADM,ADM
DATAFLOW,OECD.STI.DEP:DSD_ICT_B@DF_BUSINESSES(1.0),ICT Access and Usage by Businesses,I,OECD,OECD,A,Annual,H1_B,Businesses which employ ICT specialists,PT_ENT,Percentage of enterprises,H,Transportation and storage,S_GE10,10 or more,2023,,19.406663340290326,,B,Time series break,,,,,0,Units,L_3,within last 3 months,2,Two,TRA,TRA
DATAFLOW,OECD.STI.DEP:DSD_ICT_B@DF_BUSINESSES(1.0),ICT Access and Usage by Businesses,I,OECD,OECD,A,Annual,H1_B,Businesses which employ ICT specialists,PT_ENT,Percentage of enterprises,L,Real estate activities,S_GE10,10 or more,2023,,22.76661266017857,,B,Time series break,,,,,0,Units,L_3,within last 3 months,2,Two,REA,REA
DATAFLOW,OECD.STI.DEP:DSD_ICT_B@DF_BUSINESSES(1.0),ICT Access and Usage by Businesses,I,OECD,OECD,A,Annual,G3_B,Businesses purchasing cloud computing services,PT_ENT,Percentage of enterprises,M,"Professional, scientific and technical activities",S_GE10,10 or more,2024,,67.96197142857143,,B,Time series break,,,,,0,Units,,,2,Two,PRO,PRO
DATAFLOW,OECD.STI.DEP:DSD_ICT_B@DF_BUSINESSES(1.0),ICT Access and Usage by Businesses,I,OECD,OECD,A,Annual,G7_B,Businesses having performed big data analysis,PT_ENT,Percentage of enterprises,M,"Professional, scientific and technical activities",S_GE10,10 or more,2024,,36.16413461538462,,B,Time series break,,,,,0,Units,,,2,Two,PRO,PRO
DATAFLOW,OECD.STI.DEP:DSD_ICT_B@DF_BUSINESSES(1.0),ICT Access and Usage by Businesses,I,OECD,OECD,A,Annual,G14_B,Businesses using artificial intelligence (AI),PT_ENT,Percentage of enterprises,M,"Professional, scientific and technical activities",S_GE10,10 or more,2024,,27.04025164517241,,B,Time series break,,,,,0,Units,,,2,Two,PRO,PRO
DATAFLOW,OECD.STI.DEP:DSD_ICT_B@DF_BUSINESSES(1.0),ICT Access and Usage by Businesses,I,OECD,OECD,A,Annual,G3_B,Businesses purchasing cloud computing services,PT_ENT,Percentage of enterprises,M,"Professional, scientific and technical activities",S_GE10,10 or more,2025,,70.76351034482758,,B,Time series break,,,,,0,Units,,,2,Two,PRO,PRO
DATAFLOW,OECD.STI.DEP:DSD_ICT_B@DF_BUSINESSES(1.0),ICT Access and Usage by Businesses,I,OECD,OECD,A,Annual,G14_B,Businesses using artificial intelligence (AI),PT_ENT,Percentage of enterprises,G46,"Wholesale trade, except of motor vehicles and motorcycles",S_GE10,10 or more,2025,,23.16729678251852,,B,Time series break,,,,,0,Units,,,2,Two,WHO,WHO
DATAFLOW,OECD.STI.DEP:DSD_ICT_B@DF_BUSINESSES(1.0),ICT Access and Usage by Businesses,I,OECD,OECD,A,Annual,G3_B,Businesses purchasing cloud computing services,PT_ENT,Percentage of enterprises,G46,"Wholesale trade, except of motor vehicles and motorcycles",S_GE10,10 or more,2025,,59.352392592592594,,B,Time series break,,,,,0,Units,,,2,Two,WHO,WHO
DATAFLOW,OECD.STI.DEP:DSD_ICT_B@DF_BUSINESSES(1.0),ICT Access and Usage by Businesses,I,OECD,OECD,A,Annual,G14_B,Businesses using artificial intelligence (AI),PT_ENT,Percentage of enterprises,G47,"Retail trade, except of motor vehicles and motorcycles",S_GE10,10 or more,2022,,5.60089561003125,,B,Time series break,,,,,0,Units,,,2,Two,RET,RET
DATAFLOW,OECD.STI.DEP:DSD_ICT_B@DF_BUSINESSES(1.0),ICT Access and Usage by Businesses,I,OECD,OECD,A,Annual,G7_B,Businesses having performed big data analysis,PT_ENT,Percentage of enterprises,G47,"Retail trade, except of motor vehicles and motorcycles",S_GE10,10 or more,2024,,34.478116,,B,Time series break,,,,,0,Units,,,2,Two,RET,RET
DATAFLOW,OECD.STI.DEP:DSD_ICT_B@DF_BUSINESSES(1.0),ICT Access and Usage by Businesses,I,OECD,OECD,A,Annual,G3_B,Businesses purchasing cloud computing services,PT_ENT,Percentage of enterprises,G47,"Retail trade, except of motor vehicles and motorcycles",S_GE10,10 or more,2024,,42.2442,,B,Time series break,,,,,0,Units,,,2,Two,RET,RET
DATAFLOW,OECD.STI.DEP:DSD_ICT_B@DF_BUSINESSES(1.0),ICT Access and Usage by Businesses,I,OECD,OECD,A,Annual,G14_B,Businesses using artificial intelligence (AI),PT_ENT,Percentage of enterprises,G47,"Retail trade, except of motor vehicles and motorcycles",S_GE10,10 or more,2024,,12.058977912142856,,B,Time series break,,,,,0,Units,,,2,Two,RET,RET
DATAFLOW,OECD.STI.DEP:DSD_ICT_B@DF_BUSINESSES(1.0),ICT Access and Usage by Businesses,I,OECD,OECD,A,Annual,G7_B,Businesses having performed big data analysis,PT_ENT,Percentage of enterprises,L,Real estate activities,S_GE10,10 or more,2024,,31.639083333333332,,B,Time series break,,,,,0,Units,,,2,Two,REA,REA
DATAFLOW,OECD.STI.DEP:DSD_ICT_B@DF_BUSINESSES(1.0),ICT Access and Usage by Businesses,I,OECD,OECD,A,Annual,G14_B,Businesses using artificial intelligence (AI),PT_ENT,Percentage of enterprises,L,Real estate activities,S_GE10,10 or more,2024,,13.893465980357144,,B,Time series break,,,,,0,Units,,,2,Two,REA,REA
DATAFLOW,OECD.STI.DEP:DSD_ICT_B@DF_BUSINESSES(1.0),ICT Access and Usage by Businesses,I,OECD,OECD,A,Annual,G3_B,Businesses purchasing cloud computing services,PT_ENT,Percentage of enterprises,L,Real estate activities,S_GE10,10 or more,2024,,59.829058333333336,,B,Time series break,,,,,0,Units,,,2,Two,REA,REA
DATAFLOW,OECD.STI.DEP:DSD_ICT_B@DF_BUSINESSES(1.0),ICT Access and Usage by Businesses,I,OECD,OECD,A,Annual,G7_B,Businesses having performed big data analysis,PT_ENT,Percentage of enterprises,_T,Total - all activities,S_GE10,10 or more,2024,,30.51650587643571,,B,Time series break,,,,,0,Units,,,2,Two,BUS_TOTAL,BUS_TOTAL
DATAFLOW,OECD.STI.DEP:DSD_ICT_B@DF_BUSINESSES(1.0),ICT Access and Usage by Businesses,I,OECD,OECD,A,Annual,G14_B,Businesses using artificial intelligence (AI),PT_ENT,Percentage of enterprises,_T,Total - all activities,S_GE10,10 or more,2024,,14.278847707236164,,B,Time series break,,,,,0,Units,,,2,Two,BUS_TOTAL,BUS_TOTAL
DATAFLOW,OECD.STI.DEP:DSD_ICT_B@DF_BUSINESSES(1.0),ICT Access and Usage by Businesses,I,OECD,OECD,A,Annual,G3_B,Businesses purchasing cloud computing services,PT_ENT,Percentage of enterprises,_T,Total - all activities,S_GE10,10 or more,2024,,50.77254170753135,,B,Time series break,,,,,0,Units,,,2,Two,BUS_TOTAL,BUS_TOTAL
DATAFLOW,OECD.STI.DEP:DSD_ICT_B@DF_BUSINESSES(1.0),ICT Access and Usage by Businesses,I,OECD,OECD,A,Annual,G3_B,Businesses purchasing cloud computing services,PT_ENT,Percentage of enterprises,_T,Total - all activities,S_GE10,10 or more,2025,,54.561243097782395,,B,Time series break,,,,,0,Units,,,2,Two,BUS_TOTAL,BUS_TOTAL
DATAFLOW,OECD.STI.DEP:DSD_ICT_B@DF_BUSINESSES(1.0),ICT Access and Usage by Businesses,I,OECD,OECD,A,Annual,G7_B,Businesses having performed big data analysis,PT_ENT,Percentage of enterprises,N,Administrative and support service activities,S_GE10,10 or more,2024,,27.99626666666667,,B,Time series break,,,,,0,Units,,,2,Two,ADM,ADM
DATAFLOW,OECD.STI.DEP:DSD_ICT_B@DF_BUSINESSES(1.0),ICT Access and Usage by Businesses,I,OECD,OECD,A,Annual,G3_B,Businesses purchasing cloud computing services,PT_ENT,Percentage of enterprises,N,Administrative and support service activities,S_GE10,10 or more,2024,,49.31243793103448,,B,Time series break,,,,,0,Units,,,2,Two,ADM,ADM
DATAFLOW,OECD.STI.DEP:DSD_ICT_B@DF_BUSINESSES(1.0),ICT Access and Usage by Businesses,I,OECD,OECD,A,Annual,G14_B,Businesses using artificial intelligence (AI),PT_ENT,Percentage of enterprises,N,Administrative and support service activities,S_GE10,10 or more,2024,,14.835839554689656,,B,Time series break,,,,,0,Units,,,2,Two,ADM,ADM
DATAFLOW,OECD.STI.DEP:DSD_ICT_B@DF_BUSINESSES(1.0),ICT Access and Usage by Businesses,I,OECD,OECD,A,Annual,G14_B,Businesses using artificial intelligence (AI),PT_ENT,Percentage of enterprises,F,Construction,S_GE10,10 or more,2024,,6.839248872034482,,B,Time series break,,,,,0,Units,,,2,Two,CON,CON
DATAFLOW,OECD.STI.DEP:DSD_ICT_B@DF_BUSINESSES(1.0),ICT Access and Usage by Businesses,I,OECD,OECD,A,Annual,G3_B,Businesses purchasing cloud computing services,PT_ENT,Percentage of enterprises,F,Construction,S_GE10,10 or more,2024,,46.45453,,B,Time series break,,,,,0,Units,,,2,Two,CON,CON
DATAFLOW,OECD.STI.DEP:DSD_ICT_B@DF_BUSINESSES(1.0),ICT Access and Usage by Businesses,I,OECD,OECD,A,Annual,G7_B,Businesses having performed big data analysis,PT_ENT,Percentage of enterprises,F,Construction,S_GE10,10 or more,2024,,18.38697037037037,,B,Time series break,,,,,0,Units,,,2,Two,CON,CON
DATAFLOW,OECD.STI.DEP:DSD_ICT_B@DF_BUSINESSES(1.0),ICT Access and Usage by Businesses,I,OECD,OECD,A,Annual,G3_B,Businesses purchasing cloud computing services,PT_ENT,Percentage of enterprises,F,Construction,S_GE10,10 or more,2025,,51.07163448275862,,B,Time series break,,,,,0,Units,,,2,Two,CON,CON
DATAFLOW,OECD.STI.DEP:DSD_ICT_B@DF_BUSINESSES(1.0),ICT Access and Usage by Businesses,I,OECD,OECD,A,Annual,G7_B,Businesses having performed big data analysis,PT_ENT,Percentage of enterprises,C,Manufacturing,S_GE10,10 or more,2024,,31.222333333333335,,B,Time series break,,,,,0,Units,,,2,Two,MAN,MAN
DATAFLOW,OECD.STI.DEP:DSD_ICT_B@DF_BUSINESSES(1.0),ICT Access and Usage by Businesses,I,OECD,OECD,A,Annual,G14_B,Businesses using artificial intelligence (AI),PT_ENT,Percentage of enterprises,C,Manufacturing,S_GE10,10 or more,2024,,13.1061996007,,B,Time series break,,,,,0,Units,,,2,Two,MAN,MAN
DATAFLOW,OECD.STI.DEP:DSD_ICT_B@DF_BUSINESSES(1.0),ICT Access and Usage by Businesses,I,OECD,OECD,A,Annual,G3_B,Businesses purchasing cloud computing services,PT_ENT,Percentage of enterprises,C,Manufacturing,S_GE10,10 or more,2024,,50.50305,,B,Time series break,,,,,0,Units,,,2,Two,MAN,MAN
DATAFLOW,OECD.STI.DEP:DSD_ICT_B@DF_BUSINESSES(1.0),ICT Access and Usage by Businesses,I,OECD,OECD,A,Annual,G3_B,Businesses purchasing cloud computing services,PT_ENT,Percentage of enterprises,C,Manufacturing,S_GE10,10 or more,2025,,56.002044827586204,,B,Time series break,,,,,0,Units,,,2,Two,MAN,MAN
DATAFLOW,OECD.STI.DEP:DSD_ICT_B@DF_BUSINESSES(1.0),ICT Access and Usage by Businesses,I,OECD,OECD,A,Annual,G14_B,Businesses using artificial intelligence (AI),PT_ENT,Percentage of enterprises,C,Manufacturing,S_GE10,10 or more,2025,,19.459475449,,B,Time series break,,,,,0,Units,,,2,Two,MAN,MAN
DATAFLOW,OECD.STI.DEP:DSD_ICT_B@DF_BUSINESSES(1.0),ICT Access and Usage by Businesses,I,OECD,OECD,A,Annual,G7_B,Businesses having performed big data analysis,PT_ENT,Percentage of enterprises,H,Transportation and storage,S_GE10,10 or more,2024,,24.78413846153846,,B,Time series break,,,,,0,Units,,,2,Two,TRA,TRA
DATAFLOW,OECD.STI.DEP:DSD_ICT_B@DF_BUSINESSES(1.0),ICT Access and Usage by Businesses,I,OECD,OECD,A,Annual,G3_B,Businesses purchasing cloud computing services,PT_ENT,Percentage of enterprises,H,Transportation and storage,S_GE10,10 or more,2024,,45.297360714285716,,B,Time series break,,,,,0,Units,,,2,Two,TRA,TRA
DATAFLOW,OECD.STI.DEP:DSD_ICT_B@DF_BUSINESSES(1.0),ICT Access and Usage by Businesses,I,OECD,OECD,A,Annual,G14_B,Businesses using artificial intelligence (AI),PT_ENT,Percentage of enterprises,H,Transportation and storage,S_GE10,10 or more,2024,,9.482129538482758,,B,Time series break,,,,,0,Units,,,2,Two,TRA,TRA
DATAFLOW,OECD.STI.DEP:DSD_ICT_B@DF_BUSINESSES(1.0),ICT Access and Usage by Businesses,I,OECD,OECD,A,Annual,G3_B,Businesses purchasing cloud computing services,PT_ENT,Percentage of enterprises,H,Transportation and storage,S_GE10,10 or more,2025,,48.55266666666667,,B,Time series break,,,,,0,Units,,,2,Two,TRA,TRA
DATAFLOW,OECD.STI.DEP:DSD_ICT_B@DF_BUSINESSES(1.0),ICT Access and Usage by Businesses,I,OECD,OECD,A,Annual,G14_B,Businesses using artificial intelligence (AI),PT_ENT,Percentage of enterprises,J,Information and communication,S_GE10,10 or more,2024,,45.76343713862069,,B,Time series break,,,,,0,Units,,,2,Two,INF,INF
DATAFLOW,OECD.STI.DEP:DSD_ICT_B@DF_BUSINESSES(1.0),ICT Access and Usage by Businesses,I,OECD,OECD,A,Annual,G7_B,Businesses having performed big data analysis,PT_ENT,Percentage of enterprises,J,Information and communication,S_GE10,10 or more,2024,,50.302130769230764,,B,Time series break,,,,,0,Units,,,2,Two,INF,INF
DATAFLOW,OECD.STI.DEP:DSD_ICT_B@DF_BUSINESSES(1.0),ICT Access and Usage by Businesses,I,OECD,OECD,A,Annual,G3_B,Businesses purchasing cloud computing services,PT_ENT,Percentage of enterprises,J,Information and communication,S_GE10,10 or more,2024,,78.82185,,B,Time series break,,,,,0,Units,,,2,Two,INF,INF
DATAFLOW,OECD.STI.DEP:DSD_ICT_B@DF_BUSINESSES(1.0),ICT Access and Usage by Businesses,I,OECD,OECD,A,Annual,G3_B,Businesses purchasing cloud computing services,PT_ENT,Percentage of enterprises,J,Information and communication,S_GE10,10 or more,2025,,82.0669275862069,,B,Time series break,,,,,0,Units,,,2,Two,INF,INF
DATAFLOW,OECD.STI.DEP:DSD_ICT_B@DF_BUSINESSES(1.0),ICT Access and Usage by Businesses,I,OECD,OECD,A,Annual,G14_B,Businesses using artificial intelligence (AI),PT_ENT,Percentage of enterprises,I,Accommodation and food service activities,S_GE10,10 or more,2024,,7.727398712896552,,B,Time series break,,,,,0,Units,,,2,Two,ACC,ACC
DATAFLOW,OECD.STI.DEP:DSD_ICT_B@DF_BUSINESSES(1.0),ICT Access and Usage by Businesses,I,OECD,OECD,A,Annual,G7_B,Businesses having performed big data analysis,PT_ENT,Percentage of enterprises,I,Accommodation and food service activities,S_GE10,10 or more,2024,,23.17031851851852,,B,Time series break,,,,,0,Units,,,2,Two,ACC,ACC
DATAFLOW,OECD.STI.DEP:DSD_ICT_B@DF_BUSINESSES(1.0),ICT Access and Usage by Businesses,I,OECD,OECD,A,Annual,G3_B,Businesses purchasing cloud computing services,PT_ENT,Percentage of enterprises,I,Accommodation and food service activities,S_GE10,10 or more,2024,,36.7085275862069,,B,Time series break,,,,,0,Units,,,2,Two,ACC,ACC
DATAFLOW,OECD.STI.DEP:DSD_ICT_B@DF_BUSINESSES(1.0),ICT Access and Usage by Businesses,I,OECD,OECD,A,Annual,G3_B,Businesses purchasing cloud computing services,PT_ENT,Percentage of enterprises,I,Accommodation and food service activities,S_GE10,10 or more,2025,,39.24971428571428,,B,Time series break,,,,,0,Units,,,2,Two,ACC,ACC
